Countries,2008M01,2008M02,2008M03,2008M04,2008M05,2008M06,2008M07,2008M08,2008M09,2008M10,2008M11,2008M12,2009M01,2009M02,2009M03,2009M04,2009M05,2009M06,2009M07,2009M08,2009M09,2009M10,2009M11,2009M12,2010M01,2010M02,2010M03,2010M04,2010M05,2010M06,2010M07,2010M08,2010M09,2010M10,2010M11,2010M12,2011M01,2011M02,2011M03,2011M04,2011M05,2011M06,2011M07,2011M08,2011M09,2011M10,2011M11,2011M12,2012M01,2012M02,2012M03,2012M04,2012M05,2012M06,2012M07,2012M08,2012M09,2012M10,2012M11,2012M12,2013M01,2013M02,2013M03,2013M04,2013M05,2013M06,2013M07,2013M08,2013M09,2013M10,2013M11,2013M12,2014M01,2014M02,2014M03,2014M04,2014M05,2014M06,2014M07
Afghanistan,0,27,0,0,72,0,56,104,0,56,26,31,64,0,56,78,44,22,54,0,0,54,54,0,66,0,60,112,24,96,56,104,78,0,29,33,34,58,34,168,72,72,60,100,60,60,40,20,80,20,120,40,100,180,40,0,40,60,60,60,80,60,160,80,120,80,20,140,160,60,60,20,20,20,40,80,100,40,30920
Albania,0,0,0,28,0,0,0,0,0,0,0,0,0,0,0,0,0,0,0,0,0,0,0,0,0,0,0,0,48,0,0,0,0,0,0,0,0,0,0,0,0,0,20,20,20,0,0,0,0,20,0,0,20,0,40,0,20,0,0,0,0,0,0,0,20,0,0,0,0,0,0,0,0,0,0,0,0,0,0
Algeria,0,0,0,0,0,0,0,0,0,0,0,0,0,0,0,0,0,0,27,0,0,0,0,0,0,0,0,0,24,24,0,0,26,0,0,0,34,0,34,28,0,0,0,20,20,0,0,0,0,0,0,0,0,0,0,20,0,0,0,0,0,0,0,20,0,20,20,20,20,0,20,0,0,0,0,0,0,0,0
Andorra,0,0,0,0,24,0,0,0,0,0,0,0,0,0,0,0,0,0,0,0,25,0,0,0,0,0,0,0,0,0,0,0,0,0,0,0,0,0,0,0,0,0,0,0,0,0,0,0,0,0,0,0,0,0,0,0,0,0,0,0,0,0,0,0,0,0,0,0,0,0,0,0,0,0,0,0,0,0,27140
Angola,0,0,0,0,0,0,56,0,0,0,0,0,0,0,0,0,0,44,27,25,25,27,0,0,33,0,0,28,0,0,0,0,26,0,0,0,0,0,0,0,0,24,0,0,40,0,0,0,0,20,0,20,20,20,40,20,20,0,0,0,0,0,40,40,40,0,0,40,40,20,20,0,20,0,0,20,40,20,180
Anguilla,0,0,0,0,0,0,0,0,0,0,0,0,0,0,0,0,0,0,0,0,0,0,0,0,0,0,0,0,0,0,0,0,0,0,0,0,0,0,0,0,0,0,0,0,0,0,0,0,0,0,0,0,0,0,0,20,0,0,0,0,0,0,0,0,0,0,0,0,0,0,0,0,0,0,0,0,0,0,0
Antarctica,0,27,0,0,0,0,0,0,0,0,26,0,0,0,0,0,0,0,0,0,0,0,27,31,0,58,0,0,0,0,0,0,26,0,29,0,34,29,34,0,0,0,0,0,0,0,60,0,20,60,0,0,0,0,0,0,0,0,0,0,20,20,0,0,0,0,0,0,0,0,60,0,20,40,0,0,0,0,142880
Antigua and Barbuda,0,0,0,0,0,0,0,0,0,0,0,0,0,0,0,26,0,0,0,0,25,0,0,31,0,29,30,0,0,0,0,0,0,0,0,0,0,0,0,28,0,0,0,0,0,0,0,20,0,0,0,0,0,0,0,20,0,0,0,0,0,0,0,0,0,0,0,0,0,0,0,0,0,20,0,0,0,0,24600
Argentina,132,216,232,168,144,184,84,260,135,252,312,310,160,324,252,364,176,264,378,300,500,405,648,372,198,348,420,392,312,288,364,286,468,261,435,396,170,261,306,308,408,96,320,300,100,300,340,340,100,340,420,340,240,180,100,80,800,140,180,200,120,180,240,340,240,80,160,180,500,40,260,280,100,220,320,120,180,120,0
Armenia,0,0,0,0,0,0,0,0,0,0,0,0,0,0,0,0,0,0,0,0,0,0,0,0,0,0,0,0,0,0,0,0,0,0,0,0,0,0,0,0,0,24,0,0,0,0,0,0,0,0,0,0,20,0,0,0,0,40,0,0,0,0,0,0,0,0,0,0,0,0,0,0,0,0,0,0,0,0,80
Aruba,0,0,0,0,0,0,0,0,0,0,0,0,0,0,0,0,0,0,0,0,0,0,0,0,0,0,0,0,0,0,0,0,0,0,0,0,0,0,0,0,0,0,0,0,0,0,0,20,0,0,0,0,0,0,0,0,0,0,0,0,0,0,0,0,0,0,0,0,0,0,0,0,0,0,0,0,0,0,100
Australia,53262,60237,70673,81480,84408,79465,91868,81562,89856,95872,77272,83669,56512,54297,68964,84370,78518,74096,89046,85200,93075,98307,76518,85374,54549,56840,75000,81732,73536,82464,96740,84500,100724,98455,79460,92301,56542,56666,77758,86520,77856,78648,96480,89000,76800,98380,84100,95580,60380,63540,78620,88760,78480,85400,88040,85540,89080,99420,82560,90060,59000,59960,81840,81140,76300,76060,97340,93480,95300,107480,87480,102160,66140,67760,83380,98120,88560,81060,0
Austria,99,27,116,168,96,161,140,156,216,140,78,217,32,27,56,104,88,132,162,125,275,54,162,279,132,87,60,112,312,168,392,208,312,203,174,132,68,58,136,140,144,240,260,140,200,60,160,260,140,160,220,340,280,300,220,120,280,120,140,220,100,20,160,80,280,320,280,220,300,100,80,180,80,100,100,80,160,140,0
Azerbaijan,0,0,0,0,0,0,0,0,0,0,0,0,32,0,0,0,44,0,27,0,0,0,27,62,0,0,0,0,24,24,0,0,26,0,0,0,0,0,0,0,0,0,0,0,0,20,0,0,0,0,0,20,0,20,0,40,80,0,0,0,0,20,20,20,0,20,0,0,0,0,0,0,0,0,0,20,0,0,0
Bahamas,0,0,0,0,0,0,0,0,0,0,0,0,0,0,28,26,44,0,0,25,25,0,0,0,66,29,0,0,0,0,28,0,0,0,0,0,0,0,0,0,0,0,0,40,40,0,0,20,20,0,0,0,0,0,0,0,0,0,0,0,0,0,0,0,0,0,0,0,0,0,20,60,0,0,0,20,0,20,300
Bahrain,0,0,58,56,0,0,56,0,0,84,130,0,64,0,28,130,22,44,27,0,0,27,108,31,33,29,30,0,72,0,56,26,26,0,87,33,0,0,0,28,0,0,0,20,0,20,100,20,0,0,40,40,20,60,20,0,0,0,20,100,20,20,0,20,20,20,20,20,20,20,0,20,0,0,20,20,40,0,0
Bangladesh,33,27,58,28,0,46,28,0,81,112,104,155,32,27,28,78,110,66,54,50,75,81,162,124,231,29,0,28,24,24,0,52,104,29,232,198,102,87,34,56,48,24,40,20,0,100,140,120,120,80,20,40,20,140,60,60,40,40,140,140,180,60,60,100,20,80,20,40,40,40,60,120,60,140,100,80,40,20,20
Barbados,0,54,29,0,0,23,0,0,27,0,0,0,0,0,0,0,0,22,0,0,50,0,0,62,0,0,0,0,24,0,28,0,26,0,0,66,0,0,0,0,0,48,0,0,20,20,0,0,0,20,0,20,0,20,0,20,0,0,0,20,20,0,0,0,0,0,20,0,20,0,0,0,0,0,40,0,0,0,0
Belarus,0,0,0,28,0,0,0,0,0,0,0,0,0,0,0,0,0,22,0,0,0,0,0,0,0,0,0,0,0,0,28,0,0,0,0,0,0,0,0,28,0,24,40,0,20,20,0,0,0,0,0,0,0,0,20,0,0,0,0,0,0,20,0,0,0,20,20,0,0,0,0,0,20,0,0,0,0,0,60
Belgium,33,54,116,56,0,115,224,104,162,84,78,155,0,0,56,156,154,132,27,100,150,27,0,31,33,29,0,196,192,72,84,52,52,0,29,33,0,0,0,56,240,144,140,60,40,20,20,40,80,0,100,80,60,180,140,80,240,40,20,40,20,60,60,100,80,240,120,60,120,40,40,60,40,160,100,60,160,240,0
Belize,33,0,0,0,0,0,0,0,0,0,0,0,0,0,0,0,0,0,0,0,0,0,0,0,0,0,0,0,0,0,0,0,0,0,0,0,0,0,0,0,0,0,0,0,0,0,0,0,0,0,0,0,40,20,0,0,0,0,20,0,0,0,20,0,0,0,0,0,0,0,0,0,0,0,0,20,20,0,0
Benin,0,0,0,0,0,0,0,0,0,0,0,0,0,0,0,0,0,0,0,0,0,0,0,0,0,0,0,0,0,0,0,0,0,0,0,0,0,0,0,0,0,0,0,0,0,0,0,0,0,0,0,0,0,0,0,0,0,0,0,0,0,0,0,0,0,0,0,0,0,0,0,0,0,0,0,0,0,0,0
Bermuda,33,0,0,28,0,69,0,0,0,0,0,0,0,0,0,0,0,22,0,0,0,0,27,0,0,0,0,0,0,48,0,0,0,0,0,0,0,0,0,28,24,0,0,0,0,0,20,40,0,0,20,20,0,20,0,0,20,0,0,0,0,0,20,0,0,40,0,40,0,0,0,0,0,0,0,0,20,20,0
Bhutan,0,0,0,28,0,0,0,0,0,0,0,0,0,0,0,0,0,0,0,0,0,27,0,0,0,0,0,0,0,0,0,0,0,29,0,0,0,0,0,0,0,0,0,0,0,0,0,0,0,20,20,20,0,0,0,0,0,40,0,0,0,0,0,60,0,0,0,0,20,0,20,0,0,0,0,20,0,0,100
Bolivia,0,0,0,28,0,0,0,0,27,0,26,31,64,0,28,0,22,0,0,0,25,0,27,31,0,29,0,0,24,0,0,0,26,0,0,0,0,58,0,28,0,0,20,20,0,20,20,0,0,20,0,0,60,0,0,0,40,20,60,0,20,0,0,40,0,20,40,0,40,20,0,0,0,0,20,0,20,0,0
Bosnia and Herzegovina,0,0,0,0,0,0,28,0,0,0,0,0,0,0,0,0,22,22,54,0,0,0,0,0,0,0,0,0,0,48,0,0,0,0,0,33,0,0,0,0,48,48,40,0,0,0,0,0,0,0,0,0,20,0,0,0,20,0,0,0,0,0,0,0,20,20,0,0,80,0,0,0,0,0,0,60,20,20,360
Botswana,0,27,0,0,24,46,28,26,27,28,0,0,0,0,0,26,22,22,0,25,25,27,0,31,0,0,0,56,0,48,0,0,0,29,29,33,34,0,0,28,0,72,20,20,0,0,0,0,0,20,0,0,20,40,80,20,20,20,0,0,0,0,20,20,120,60,60,60,20,0,20,40,0,0,20,0,40,0,0
Brazil,66,189,319,168,168,230,280,234,324,84,364,341,160,162,196,208,220,440,216,250,275,297,432,341,33,116,120,364,240,432,224,286,260,232,290,462,34,232,408,196,288,216,320,220,300,340,420,240,160,220,160,300,260,300,300,280,260,180,420,260,120,180,280,320,280,180,400,200,320,260,240,200,40,220,280,200,480,660,0
British Indian Ocean Territory,0,0,0,0,0,0,0,0,0,0,0,0,0,0,0,0,0,0,0,0,0,0,0,0,0,0,0,0,0,0,0,0,0,0,0,0,0,0,0,0,0,0,0,0,0,0,0,0,0,0,0,0,0,0,0,0,0,0,0,0,0,0,0,0,0,0,0,0,0,0,0,0,0,0,0,0,0,0,120
Brunei Darussalam,0,27,0,56,48,46,56,130,27,28,130,31,96,0,56,78,22,88,81,100,50,0,54,0,33,29,60,0,96,120,140,26,130,0,87,66,102,29,68,28,24,96,80,60,20,40,40,120,60,20,20,40,100,60,40,80,80,40,0,40,40,20,20,80,0,100,80,40,40,20,20,80,60,40,0,20,40,40,80
Bulgaria,0,27,0,28,0,46,28,0,0,0,0,31,0,27,0,26,22,44,54,25,25,0,0,0,0,29,0,0,0,24,0,0,26,0,29,0,0,0,0,0,24,48,20,80,0,20,20,0,20,0,0,40,0,60,40,100,20,0,20,0,60,20,0,60,20,20,60,60,60,0,0,20,0,0,40,0,20,60,220
Burkina Faso,0,0,0,0,0,0,0,0,0,0,0,0,0,0,0,0,0,0,0,0,0,0,0,0,0,0,0,0,0,0,0,0,0,0,29,0,0,0,0,0,0,0,0,0,0,0,0,0,0,0,0,20,0,0,0,0,20,0,0,0,0,0,0,0,0,0,0,0,0,0,0,0,0,0,0,0,0,0,20
Burma (Myanmar),0,0,58,28,0,23,0,0,27,0,0,62,0,27,0,0,44,44,0,0,25,27,0,31,0,29,30,0,24,0,0,26,0,58,29,99,34,58,0,28,24,0,0,20,40,20,80,80,60,40,40,20,60,60,20,40,60,120,60,180,60,80,20,20,100,40,40,60,20,60,240,80,60,180,80,20,40,40,380
Burundi,0,0,0,0,0,0,0,0,0,0,0,0,0,0,0,0,0,0,0,0,0,0,0,0,0,0,0,0,0,24,0,0,26,0,0,0,0,0,0,0,0,0,0,0,0,0,0,0,0,0,0,0,0,0,0,0,0,0,20,0,0,0,0,0,0,20,20,0,0,0,0,20,0,0,0,20,0,0,0
Cabo Verde,0,0,0,0,0,0,0,0,0,0,0,0,0,0,0,0,0,0,0,0,0,0,0,0,0,0,0,0,0,0,0,0,0,0,0,0,0,0,0,0,0,0,0,0,0,0,0,0,0,0,0,0,0,0,0,20,0,0,0,0,0,0,0,0,0,0,0,0,0,0,0,0,0,0,0,0,0,0,20
Cambodia,264,216,348,140,72,46,224,130,378,168,286,527,224,243,308,338,264,286,135,125,275,216,405,682,363,145,180,196,264,216,140,182,208,290,348,1056,238,174,238,364,72,456,220,160,160,280,420,1160,320,120,320,280,280,200,180,120,260,200,660,1080,320,180,420,320,240,360,300,240,320,220,440,1180,320,240,480,440,200,340,40
Cameroon,0,0,0,0,0,23,0,0,0,0,0,0,0,0,0,0,0,0,0,0,0,0,0,0,0,0,0,0,0,0,0,0,0,0,0,0,0,0,0,0,0,0,0,0,0,0,0,0,0,0,0,0,0,20,0,0,0,0,0,0,0,0,0,0,0,0,0,0,0,0,0,0,0,0,0,0,0,0,20
Canada,1485,945,783,1288,2112,2944,2576,2548,2268,644,676,2139,1280,945,812,1170,2046,2684,2970,2300,1725,945,999,1519,924,899,600,1316,1488,2976,2828,2392,2002,957,754,2013,1122,783,952,1176,1872,2424,3440,2100,980,1100,1020,2200,1340,840,660,1200,1860,3400,3080,2600,1640,940,700,2140,1300,1020,920,1220,1760,2660,3860,2920,1980,800,960,2320,1700,980,1100,1220,1940,3320,0
Cayman Islands,0,27,29,0,0,0,0,26,0,0,0,0,0,0,0,26,22,22,27,25,0,0,0,0,0,0,0,0,0,0,0,0,0,0,0,66,0,58,0,28,24,0,0,0,0,0,40,20,0,20,0,0,20,0,0,0,0,0,20,20,0,0,20,0,0,20,0,0,0,20,0,40,0,20,20,0,0,0,0
Central African Republic,0,0,0,0,0,0,0,0,0,0,0,0,0,0,0,0,0,0,0,0,0,0,0,0,0,0,0,0,0,0,0,0,0,0,0,0,0,0,0,0,0,0,0,0,0,0,0,0,0,0,0,0,0,0,0,0,0,0,0,0,0,0,0,0,0,0,0,0,0,0,0,0,0,0,0,0,0,0,0
Chad,0,0,0,0,0,0,0,0,0,0,0,0,0,0,0,0,0,0,0,0,0,0,0,0,0,0,0,0,0,0,0,0,0,0,0,0,0,0,0,28,0,0,0,0,0,0,0,0,0,0,0,20,0,0,0,0,0,0,0,0,20,0,0,0,0,0,0,0,0,0,0,0,0,0,0,0,20,0,0
Chile,99,135,203,280,192,184,112,156,135,224,390,248,128,108,336,260,220,198,135,250,325,297,243,186,231,174,240,84,240,96,112,130,260,174,319,297,136,203,272,224,168,96,180,120,80,260,300,180,120,220,260,160,140,140,140,100,240,300,420,280,180,180,340,140,200,140,100,180,260,320,340,160,80,160,260,260,160,160,3440
"China, People's Republic of",4818,2943,4205,5320,4344,4347,4172,3692,5076,4816,6968,8184,4672,2133,4004,4264,4312,4334,3375,3400,5525,4590,7155,8525,4488,3538,4050,4564,5328,6096,4004,4498,7254,5336,6931,8217,5236,2146,5372,6916,4944,5568,4460,4420,5820,6000,7780,9580,5540,2720,4840,5680,5440,5960,4180,3940,6180,5540,7140,8880,4580,3660,5480,7020,5100,5440,5520,4220,7660,6360,8320,9980,6060,2900,5240,7960,5860,5940,0
Christmas Island,0,0,0,0,0,0,0,0,0,0,0,0,0,0,0,0,0,0,0,0,0,0,0,0,0,0,0,0,0,0,0,0,26,0,0,0,0,29,0,0,0,0,0,0,0,0,0,0,0,0,20,0,0,0,0,0,0,0,0,0,0,0,0,0,0,0,0,20,0,0,0,0,0,0,0,0,0,0,9680
Cocos (Keeling) Islands,0,0,0,0,0,0,0,0,0,0,0,0,0,0,0,0,0,0,0,0,0,0,0,0,0,0,0,0,0,0,0,0,0,0,0,0,0,0,0,0,0,0,0,0,0,0,0,0,0,0,0,0,0,0,0,0,0,0,0,0,0,0,0,0,0,0,0,0,0,0,0,0,0,0,0,0,0,0,100280
Colombia,0,0,58,28,0,23,28,0,81,0,26,31,0,27,56,26,44,44,27,25,25,27,81,62,33,0,60,28,24,48,56,0,26,145,87,66,68,0,0,0,48,48,80,0,20,40,60,120,0,40,0,20,40,60,60,0,80,40,40,60,20,120,40,20,20,60,100,60,40,40,40,120,80,40,40,0,20,100,100
Comoros,0,0,0,0,0,0,0,0,0,0,0,0,0,0,0,0,0,0,0,0,0,0,0,0,0,0,0,0,0,0,0,0,0,0,29,0,0,0,0,0,0,0,0,0,0,0,0,0,0,0,0,0,0,0,0,0,0,0,0,0,0,0,0,0,0,0,0,0,0,0,0,0,0,0,0,0,0,0,120
Congo,33,0,0,0,0,0,0,0,0,0,0,0,0,0,0,0,0,0,0,0,0,0,0,0,0,0,0,0,0,0,28,0,0,29,0,0,0,0,0,0,0,0,0,0,0,0,0,0,0,0,0,0,0,0,0,0,20,0,0,0,0,0,20,0,0,0,0,0,0,0,20,0,0,20,0,20,0,0,0
"Congo, the Democratic Republic of the",0,0,0,0,24,0,0,0,0,0,0,0,0,0,0,0,0,0,0,0,0,0,0,0,0,0,0,0,0,0,0,0,0,0,0,0,0,0,0,0,0,0,0,0,20,0,0,0,0,0,0,0,0,0,0,20,0,0,0,20,0,0,0,0,20,0,0,0,0,0,0,0,0,0,0,0,0,20,20
Cook Islands,2376,2295,3132,3836,5376,5612,6244,5616,5724,5180,4394,3689,2432,2295,3472,4108,5698,6028,7047,6050,6025,5292,3591,3689,2475,2407,3270,4424,5232,6144,7672,7410,6682,5916,4234,3927,2890,2552,3910,5124,6384,7224,9380,7520,6540,6420,4960,4140,2460,2580,4320,5780,5700,8580,9200,8120,7820,7060,5440,4900,2900,2400,4440,5020,5720,7300,9080,8980,8720,6880,6080,5300,3140,2640,4840,5800,6440,7860,0
Costa Rica,33,27,0,28,48,0,28,26,0,0,104,62,0,0,28,26,0,22,27,25,0,0,27,0,0,29,0,0,0,0,0,0,0,0,29,33,0,58,0,28,48,0,40,20,60,0,0,40,0,60,20,0,0,20,0,20,40,0,0,100,40,20,20,20,60,0,40,0,0,0,0,20,20,0,140,60,20,40,100
Cote d'Ivoire,0,0,0,0,0,0,0,0,0,0,0,0,0,0,0,0,0,0,0,0,0,0,0,0,0,0,0,0,0,48,0,0,26,0,0,0,0,0,0,0,0,0,0,0,0,0,0,0,0,0,0,0,0,20,0,0,0,20,20,0,20,0,0,0,20,0,0,0,0,0,0,0,0,0,0,0,0,0,0
Croatia,0,0,29,140,240,506,308,208,216,0,26,0,0,0,84,78,198,330,54,375,175,27,0,62,0,0,30,112,192,456,280,130,156,0,0,33,0,0,68,56,240,288,260,200,80,20,0,0,20,0,20,140,360,640,280,340,320,60,0,60,0,0,0,40,200,600,380,520,260,0,40,20,20,0,40,120,260,600,340
Cuba,0,27,58,0,0,46,28,0,27,28,0,62,0,27,56,52,0,0,0,0,0,27,54,31,0,0,0,28,24,0,28,26,52,0,29,0,0,58,68,28,72,24,20,0,0,0,0,20,0,20,60,40,80,40,0,0,40,0,20,0,0,0,60,40,20,20,40,20,20,0,60,40,0,20,80,40,80,20,20
Curacao,0,0,0,0,0,0,0,0,0,0,0,0,0,0,0,0,0,0,0,0,0,0,0,0,0,0,0,0,0,0,0,0,0,0,0,0,0,0,0,0,0,0,0,0,0,0,0,0,0,0,0,0,0,0,0,0,0,0,0,0,0,0,0,0,0,20,0,0,0,0,0,0,0,0,0,0,0,0,20
Cyprus,0,0,0,84,48,46,28,0,81,0,0,0,0,0,28,0,0,44,0,25,75,54,54,0,0,29,0,0,48,72,0,0,26,29,0,66,0,29,0,28,0,0,40,20,0,0,0,0,0,40,0,0,60,80,40,0,0,40,20,20,0,40,0,0,20,100,20,20,20,0,0,20,0,40,0,20,20,20,0
Czech Republic,33,81,0,56,72,207,84,104,54,28,26,93,0,0,28,52,176,66,135,125,75,27,27,93,33,58,0,84,96,216,196,130,26,58,29,33,0,58,0,28,96,168,220,60,40,20,60,20,20,40,20,80,160,160,220,160,40,0,60,120,20,0,40,40,220,240,220,40,140,60,60,140,20,0,20,60,200,280,40
Czechoslovakia,0,0,0,0,0,0,0,0,0,0,0,0,0,0,0,0,0,0,0,0,0,0,0,0,0,0,0,0,0,0,0,0,0,0,0,0,0,0,0,0,0,0,0,0,0,0,0,0,0,0,0,0,0,0,0,0,0,0,0,0,0,0,0,0,0,0,0,0,0,0,0,0,0,0,0,0,0,0,520
Denmark,33,0,0,112,120,276,140,208,135,28,0,31,96,0,112,78,176,132,54,75,75,81,162,31,0,29,0,0,144,408,280,234,52,58,87,33,102,29,0,112,24,240,160,180,100,120,60,80,40,0,60,60,100,280,180,120,120,60,100,60,40,40,20,100,160,200,160,260,100,60,80,120,80,120,40,140,200,260,1940
Djibouti,0,0,0,0,0,0,0,0,0,0,0,0,0,0,0,0,0,0,0,0,0,0,0,0,0,0,0,0,0,0,0,0,0,0,0,0,34,29,0,0,0,0,0,0,0,0,0,0,0,0,0,0,0,0,0,0,0,0,0,0,0,0,0,0,0,0,0,0,0,0,0,0,0,0,0,0,0,0,0
Dominica,0,0,0,0,0,0,0,0,0,0,0,0,0,0,0,0,0,0,0,0,0,0,0,0,0,0,0,0,0,0,0,0,0,0,0,0,0,0,0,0,0,0,0,0,0,0,0,0,0,0,0,0,0,0,0,0,0,0,0,0,0,0,0,0,0,0,0,0,0,0,0,0,0,0,0,0,0,0,0
Dominican Republic,0,0,29,0,0,23,28,0,0,0,0,0,0,0,0,0,0,0,0,0,0,0,0,0,0,0,0,0,0,0,0,0,0,0,0,0,0,0,0,28,0,0,0,0,20,20,0,40,0,0,0,0,20,20,0,0,0,0,0,0,0,0,0,20,0,0,20,0,0,20,0,0,0,0,20,0,0,0,0
Ecuador,33,0,0,28,120,46,28,0,54,28,0,62,0,0,56,26,0,0,54,50,75,54,0,0,33,0,0,84,24,0,56,52,26,0,29,33,34,29,0,28,48,24,20,20,40,40,40,20,0,20,40,20,20,0,80,40,80,60,20,40,0,20,60,60,40,40,40,40,0,20,40,60,20,0,40,40,100,20,0
Egypt,165,189,174,392,216,138,140,78,351,280,156,310,96,108,84,130,154,132,108,100,225,270,297,217,33,58,270,224,144,216,56,52,520,87,290,363,136,0,68,84,0,48,60,40,60,80,40,60,20,40,120,100,160,40,60,60,100,40,200,180,60,40,40,100,120,40,60,60,20,20,120,100,40,100,40,80,40,0,0
El Salvador,0,0,0,28,0,0,0,0,0,0,0,0,0,0,0,0,0,0,0,0,25,0,0,0,0,0,0,0,0,0,0,0,0,0,0,0,0,29,0,0,24,0,0,0,0,20,20,20,0,0,0,0,0,0,0,0,20,0,0,20,0,0,0,0,20,20,0,0,0,0,0,0,0,0,0,0,20,0,0
Equatorial Guinea,0,0,0,0,0,0,0,26,0,0,0,0,0,0,0,0,22,0,0,0,0,0,0,0,0,0,0,0,0,0,0,0,0,0,0,0,0,0,0,0,0,0,0,0,0,0,0,0,0,0,0,0,0,0,0,0,0,0,0,0,0,0,0,0,0,0,0,0,0,0,0,0,0,0,0,0,0,0,0
Eritrea,33,0,0,0,0,0,0,0,0,0,0,0,0,0,0,0,0,0,0,0,0,0,0,0,0,0,0,0,0,0,0,0,0,0,0,33,0,0,0,0,0,0,0,0,0,0,20,0,0,0,0,0,0,0,0,0,0,0,0,0,0,0,0,0,0,0,0,0,0,0,20,0,0,0,0,0,0,0,0
Estonia,0,0,0,28,0,0,28,0,27,0,0,0,0,0,0,0,0,0,54,0,0,0,0,0,0,0,0,28,0,48,28,26,52,0,0,0,0,0,0,0,0,24,20,0,0,0,0,0,0,0,0,0,20,40,0,40,0,0,0,0,0,0,0,0,0,20,60,20,0,0,0,0,0,0,0,0,40,0,200
Ethiopia,0,0,0,0,24,23,0,26,0,28,78,0,32,27,0,0,0,0,27,0,25,0,54,0,33,0,0,0,24,24,28,26,26,29,58,33,68,29,34,0,0,0,0,0,40,60,60,40,40,40,0,60,0,20,0,40,20,40,40,20,20,0,20,20,0,0,0,20,20,40,100,100,80,0,20,40,20,40,0
Faeroe Islands,0,0,0,0,0,0,0,0,0,0,0,0,0,0,0,0,0,0,0,0,0,0,0,0,0,0,0,0,0,0,0,0,0,0,0,0,0,0,0,0,0,24,0,0,0,0,0,0,0,0,0,0,0,0,0,0,0,0,0,0,0,0,0,0,0,0,0,0,0,0,20,0,0,0,0,0,0,0,160
Falkland Islands,0,0,29,0,0,46,0,0,0,0,0,0,0,0,0,0,0,22,0,0,0,0,0,0,0,29,0,0,0,0,0,0,0,0,0,0,0,0,34,0,0,0,20,0,0,0,0,0,0,0,0,0,0,0,0,0,0,0,0,0,0,0,20,0,0,0,0,0,0,0,20,20,0,0,0,0,0,0,80
Fiji,4455,3861,5626,7308,7800,11132,13972,12974,10800,8876,6032,6510,2752,2673,3640,5798,7018,10076,12798,12725,12475,8667,6345,7316,4455,3277,5070,6412,7416,10368,13160,12142,11362,9019,6003,8283,4624,3451,4386,8484,7728,11064,15040,13200,9460,8600,6920,8500,5680,3220,4580,7320,8460,12520,14160,12540,11440,10840,6820,7140,4900,3240,5640,7580,8700,10720,15720,14660,12340,11560,7860,9340,5980,4000,5740,9800,10180,13360,0
Finland,33,54,29,28,48,92,140,52,27,28,26,31,0,27,28,0,0,110,108,75,25,27,27,0,0,0,60,0,0,0,196,78,0,29,29,99,34,29,34,28,48,144,140,40,0,60,20,80,0,20,0,20,100,140,60,160,60,0,20,60,20,60,0,20,0,100,120,0,80,0,40,20,20,0,40,0,140,60,840
Former Yugoslav Republic of Macedonia (FYROM),0,0,29,28,0,23,56,0,0,0,0,31,32,0,28,0,22,0,27,25,0,0,0,0,0,0,0,0,24,0,28,26,0,0,0,33,0,0,0,0,24,24,0,40,0,20,0,0,0,20,0,40,0,20,60,40,0,0,20,0,20,0,0,20,60,80,40,0,20,20,0,20,0,0,0,0,60,40,20
France,198,513,725,1428,1752,2116,1596,1690,2538,532,468,1054,384,189,420,1014,1628,2024,1296,1225,1975,648,540,868,264,232,870,952,2064,2256,1456,2002,2080,464,464,660,306,203,714,1456,1896,2136,2580,1320,1220,580,480,760,260,300,520,1480,2000,3260,1260,1700,1980,520,240,980,300,240,520,1220,2280,2580,2560,1960,2320,380,600,1020,420,260,560,1480,2220,3260,0
French Guiana,0,0,0,0,0,0,0,0,0,0,0,0,0,0,0,0,0,0,0,0,0,0,0,0,0,0,0,28,0,0,0,0,0,0,0,0,0,0,0,0,0,0,0,0,0,0,0,0,0,0,0,0,0,0,0,0,0,0,0,0,0,0,0,0,0,0,0,0,0,0,0,0,0,0,0,0,0,0,0
French Polynesia,165,162,377,588,312,483,560,468,540,532,260,310,96,189,140,260,286,594,567,350,500,189,297,310,132,261,240,196,312,360,644,442,650,319,348,330,204,232,102,392,480,480,680,420,320,380,380,280,240,260,300,480,600,840,620,660,720,620,440,580,240,220,400,380,540,600,920,520,580,480,500,440,120,220,420,400,520,800,20
French Southern Territories,0,0,0,0,0,0,0,0,0,0,0,0,0,0,0,0,0,0,0,0,0,0,0,0,0,0,0,0,0,0,0,0,0,0,0,0,0,0,0,0,0,0,0,0,0,0,0,0,0,0,0,0,0,0,0,0,0,0,0,0,0,0,0,0,0,0,0,0,0,0,0,0,0,0,0,0,0,0,140
Gabon,0,0,0,28,0,0,0,0,0,0,0,0,0,0,0,0,0,0,0,0,0,0,0,0,0,0,30,28,0,0,0,0,0,0,0,0,0,29,0,28,0,0,0,20,0,0,0,0,0,0,20,20,0,0,0,0,0,0,0,0,0,20,0,0,0,0,20,0,0,0,0,0,0,0,20,0,0,0,0
Gambia,0,0,0,0,0,0,0,0,0,0,0,0,0,0,0,0,22,0,0,0,0,0,0,0,0,0,0,28,0,0,0,0,0,0,0,0,0,0,0,0,0,0,0,0,0,0,0,0,0,0,0,20,0,0,0,0,0,0,0,0,0,0,0,0,0,0,0,0,0,0,20,40,0,0,0,0,0,0,0
Gaza Strip/Palestine/West Bank,0,0,0,0,0,0,0,0,0,0,0,0,0,0,0,0,0,0,0,0,0,0,0,31,0,0,0,0,0,0,0,0,0,0,0,0,0,0,0,0,0,0,0,0,0,0,0,0,0,0,0,0,0,0,0,20,20,0,0,0,0,0,0,0,0,0,0,20,0,0,0,0,0,0,0,0,0,20,40
Georgia,0,0,0,0,0,0,0,0,0,0,0,0,0,0,0,0,0,22,0,25,0,0,0,31,0,0,0,0,0,24,0,26,0,29,0,0,0,0,0,0,24,24,0,0,40,0,20,20,0,20,0,20,0,0,20,40,20,0,0,0,0,20,0,0,0,0,0,0,0,0,0,0,0,0,0,0,40,0,5100
Germany,495,540,580,728,1512,1449,1456,988,1242,644,546,992,384,405,560,936,1276,1430,1620,1100,1225,540,837,1271,429,406,720,924,1584,2160,1568,962,1326,754,696,957,374,290,578,896,1560,1608,1920,1060,960,440,780,1180,520,540,840,980,1300,1740,1540,1300,1660,720,540,1020,440,340,660,1100,1540,1780,1960,1100,1360,780,760,980,240,340,740,840,1460,2200,0
"Germany, Democratic Republic of",0,0,0,0,0,0,0,0,0,0,0,0,0,0,0,0,0,0,0,0,0,0,0,0,0,0,0,0,0,0,0,0,0,0,0,0,0,0,0,0,0,0,0,0,0,0,0,0,0,0,0,0,0,0,0,0,0,0,0,0,0,0,0,0,0,0,0,0,0,0,0,0,0,0,0,0,0,0,120
Ghana,0,0,0,0,0,0,28,52,0,28,26,31,0,0,28,0,0,44,27,0,25,27,0,62,0,0,0,28,24,0,0,0,0,0,87,33,34,0,0,28,0,0,0,20,0,20,0,20,60,0,40,60,20,0,20,20,0,0,0,20,20,0,20,20,0,0,20,0,0,0,20,40,60,20,0,0,20,0,0
Gibraltar,0,0,0,0,0,0,0,0,0,0,0,0,0,0,0,0,0,0,0,0,0,0,0,0,0,0,0,28,0,24,0,0,0,29,0,0,0,0,0,0,0,0,0,0,0,0,0,0,0,0,0,0,0,0,0,0,0,0,0,0,0,0,0,0,0,0,0,0,0,0,0,0,0,0,0,0,0,0,14800
Greece,0,0,145,308,288,460,308,182,432,196,26,62,0,81,56,156,352,330,297,250,225,108,27,0,0,29,30,168,504,504,280,286,468,203,87,0,0,0,0,140,384,456,300,320,260,140,20,60,0,0,100,180,300,520,280,340,280,80,40,40,0,40,40,140,420,260,540,600,340,60,20,20,0,0,100,220,360,560,0
Greenland,0,0,0,0,0,0,0,0,0,0,0,0,0,0,0,0,0,0,0,0,0,0,0,0,0,0,0,0,0,0,0,0,0,0,0,0,0,0,0,0,0,0,0,20,0,0,0,0,0,0,0,0,0,0,20,0,0,0,0,0,0,0,0,0,0,0,20,0,0,0,0,0,0,0,0,0,0,0,0
Grenada,0,0,0,0,0,0,0,0,0,0,0,0,0,0,0,0,0,0,0,0,0,0,0,0,0,0,0,0,24,0,0,0,0,0,0,0,0,0,0,0,0,0,0,0,0,0,0,0,0,20,0,0,0,0,0,0,0,0,0,0,20,0,0,40,0,0,0,0,0,0,0,0,0,20,0,0,20,0,0
Guadeloupe,0,0,0,0,0,0,0,0,0,0,0,0,0,0,0,0,0,0,0,0,0,0,27,0,0,0,0,0,0,0,0,0,0,0,0,0,0,0,0,0,0,0,0,0,0,0,0,0,0,0,20,0,0,20,0,0,0,0,0,0,0,0,0,0,0,0,0,0,0,0,0,0,0,0,20,0,0,20,0
Guam,0,0,0,28,24,46,28,0,27,56,0,0,32,0,56,26,0,0,27,0,0,27,0,0,0,0,30,0,48,0,0,0,0,0,0,0,0,0,0,0,48,0,80,0,0,20,0,20,60,20,20,20,0,0,0,0,0,0,20,0,0,20,0,20,0,20,0,0,20,20,0,0,0,0,0,0,0,0,0
Guatemala,0,0,0,0,0,23,0,0,0,0,26,0,0,0,0,0,0,0,0,50,0,0,0,0,0,0,0,0,24,0,0,26,0,0,29,0,0,0,0,0,0,24,0,0,0,40,0,20,20,0,20,0,20,0,0,20,0,20,20,20,20,40,0,40,0,0,0,0,0,20,0,0,20,20,0,20,0,20,0
Guinea,0,0,0,0,0,0,0,26,0,0,0,0,0,0,0,0,0,0,0,0,0,0,0,0,0,0,0,0,0,0,0,0,0,0,0,0,0,0,0,0,0,0,0,0,0,0,0,0,0,0,20,0,0,0,0,0,0,0,0,0,0,0,0,20,0,0,0,0,0,0,0,0,0,20,0,0,0,0,0
Guinea-Bissau,0,0,0,0,0,0,0,0,0,0,0,0,0,0,0,0,0,0,0,0,0,0,0,0,0,0,0,0,0,0,0,0,0,0,0,0,0,0,0,0,0,0,0,0,0,0,0,0,0,0,0,0,0,0,0,0,0,0,0,0,0,0,0,0,0,0,0,0,0,0,0,0,0,0,0,0,0,0,0
Guyana,0,0,0,0,0,0,0,0,0,0,26,0,0,0,0,0,0,0,0,0,0,0,0,0,0,0,0,0,0,0,0,0,0,0,0,0,0,29,0,0,0,0,0,0,0,0,20,0,20,0,0,0,0,0,0,0,0,0,0,0,0,0,0,0,0,0,0,0,20,0,0,0,0,0,0,0,0,20,0
Haiti,0,0,0,0,0,0,0,0,0,0,0,0,0,27,28,0,0,0,0,0,0,0,0,0,0,0,30,0,24,0,28,0,0,0,0,0,0,0,34,0,0,0,0,0,0,0,20,0,20,0,0,0,0,0,0,20,0,0,0,0,0,0,0,0,0,0,0,0,0,0,0,0,0,0,0,0,0,0,0
Honduras,0,0,0,0,0,0,0,0,0,0,0,0,0,0,0,0,0,0,0,0,0,0,0,0,0,0,0,0,0,0,0,0,0,0,0,0,0,0,0,0,0,0,0,0,0,0,0,0,0,0,0,0,0,0,0,20,0,0,0,0,0,0,0,0,0,0,20,0,0,0,0,0,0,0,0,0,20,20,0
Hong Kong (Special Administrative Region),1122,891,1943,1624,1560,1541,1148,1196,1755,2016,2366,2697,1120,810,1624,1404,990,1254,1134,1225,1300,1944,2565,1736,1188,783,1680,1372,1104,1152,1036,1066,1378,1914,2146,2442,1156,812,1598,1372,1776,1368,1140,1100,1340,1580,1920,2720,1300,860,1760,1700,1340,1380,1140,1020,1580,1280,2400,2460,820,820,1980,1460,1420,1140,1140,1380,1720,1620,2280,2220,900,1020,1860,1380,1400,1640,0
Hungary,33,27,29,28,72,138,28,26,54,56,0,31,32,0,0,52,66,88,135,50,75,0,27,31,0,29,0,0,192,96,28,26,104,0,58,66,68,29,0,28,72,144,100,100,20,20,20,40,20,40,40,60,60,120,140,60,20,20,20,80,0,20,20,60,120,60,160,200,40,60,40,80,20,40,60,80,40,360,480
Iceland,0,0,0,28,0,23,0,78,0,0,0,0,0,0,0,26,0,0,27,0,0,54,0,0,0,0,0,0,48,24,28,0,0,0,0,0,0,0,34,0,48,24,100,20,0,0,0,20,0,20,40,0,40,20,20,40,20,20,0,40,0,0,20,40,80,0,0,20,0,40,0,0,0,20,0,20,0,0,800
India,1881,2295,1740,1316,1488,1081,1260,1794,1566,3052,4810,5363,1920,2322,1652,2132,1276,1452,1431,1475,2300,2592,5886,4526,2673,2639,2100,1820,1560,1680,1652,1326,1690,3190,5046,5577,3570,2726,2380,1932,1728,1536,1820,2220,2280,3080,6100,5940,4160,3220,2580,2440,1900,1940,1900,1980,2920,2920,6400,6220,4900,2520,2460,2360,2300,1780,2120,2220,2600,4140,6320,7040,5040,3580,2140,2660,1780,1840,5640
Indonesia,627,459,551,1036,1104,1564,1652,1196,1512,1008,390,713,480,243,392,962,902,1496,1863,2000,1150,945,945,1023,495,580,480,1008,1080,2208,2492,1950,1820,870,986,1023,578,464,646,1176,1464,2112,3100,1980,1320,1720,1200,1440,900,680,860,1440,1200,2540,3100,2280,2860,1400,960,1440,700,720,980,1640,1620,3320,4140,3260,3040,2500,1320,1860,860,1320,1420,2120,2660,4460,1600
Iran,0,27,29,84,120,92,84,26,27,56,52,93,32,27,112,26,22,66,108,0,75,54,81,31,66,0,30,196,24,72,112,0,52,58,116,0,34,58,102,140,72,48,60,40,100,40,120,140,100,40,80,60,20,120,20,80,40,60,40,80,60,100,80,60,60,100,60,100,100,100,80,180,40,40,180,60,80,20,140
Iraq,0,27,58,56,72,0,0,52,27,0,78,0,96,81,28,52,44,22,54,75,75,54,54,93,33,58,0,56,48,24,84,52,26,29,116,66,34,145,0,28,72,48,20,80,0,120,60,100,60,0,140,40,0,60,60,80,60,80,40,80,20,40,100,40,60,40,20,20,80,100,120,40,0,40,120,20,0,100,0
Ireland,132,54,377,336,552,483,784,650,594,280,390,372,64,243,112,416,528,902,540,625,275,108,324,434,231,87,120,420,528,744,840,702,520,174,203,594,204,87,408,644,672,888,800,580,260,260,220,840,80,120,500,400,800,1120,800,720,380,320,220,900,140,100,240,580,560,640,900,660,640,240,420,1040,180,100,320,720,840,1040,100
Israel,165,54,29,140,120,138,28,52,270,84,52,155,32,54,84,78,110,154,54,125,175,81,108,93,66,87,120,168,192,144,84,52,104,145,116,198,102,0,68,84,48,72,120,20,200,0,120,140,80,20,140,100,220,120,120,80,120,140,120,200,20,0,60,80,120,140,100,120,320,180,120,100,60,100,180,260,80,100,0
Italy,264,189,406,1176,1584,1840,1064,1248,2268,532,338,434,224,108,504,858,1408,1056,756,1125,1850,540,378,310,66,145,480,1092,1992,1680,1204,962,1820,870,174,264,238,58,578,1288,2712,1824,1760,1540,1660,700,280,380,240,100,460,1480,1860,2180,800,1520,2240,460,220,260,320,120,460,1660,2080,1880,1760,1940,2080,480,400,440,260,260,420,1700,2520,2440,60
Jamaica,33,0,0,0,24,0,0,0,0,28,0,0,0,0,0,52,22,22,27,0,0,0,0,0,0,0,0,0,24,0,28,0,0,0,0,0,34,0,0,0,24,0,0,0,0,20,20,0,0,0,0,20,0,0,0,40,20,20,0,40,0,0,0,0,0,40,0,0,0,0,0,20,0,0,20,0,40,0,0
Japan,1188,810,1392,2604,1464,1403,1568,962,2457,1792,1274,2480,1024,918,1596,1742,1452,1804,1674,1075,2100,1863,1350,2356,1221,783,1560,1764,1488,1704,2268,988,2548,1769,1189,2871,1564,1189,1088,952,1176,888,1340,820,1400,1800,1500,2720,1160,940,1300,2340,1560,1920,1420,1160,2380,1600,1660,2600,1260,1000,1420,2160,1540,1360,2060,1400,2920,2080,1940,2700,1400,1500,1700,3120,2120,1580,1520
Jordan,0,27,0,56,0,23,28,52,27,0,104,93,0,27,0,26,22,44,54,0,125,27,108,0,0,58,30,28,72,24,28,0,52,0,58,33,34,29,34,28,0,48,20,0,40,40,60,0,20,20,40,0,20,80,80,60,40,20,80,40,40,20,20,20,20,60,40,40,80,40,20,80,0,0,0,40,20,20,60
Kazakhstan,0,0,0,0,24,46,0,26,0,0,0,0,0,0,0,26,22,44,0,25,0,0,0,62,0,0,0,0,48,48,0,26,0,58,29,0,34,29,0,56,24,0,40,0,20,20,40,60,20,20,0,60,0,0,20,60,0,0,60,0,0,0,20,0,20,40,0,0,40,20,20,40,0,40,20,20,0,40,1140
Kenya,0,0,0,0,48,23,56,104,27,84,0,31,0,0,28,26,22,22,81,50,25,0,54,62,99,29,90,84,72,120,56,104,130,0,29,99,34,58,68,56,24,24,120,60,40,40,120,80,40,80,60,120,60,40,60,120,20,100,120,80,0,80,100,60,0,120,100,100,140,100,60,60,100,0,0,20,40,20,80
Kiribati,33,0,0,0,48,46,0,0,27,28,52,93,0,27,28,52,0,44,81,75,50,27,0,31,0,58,30,0,24,48,28,52,52,29,29,132,34,29,34,56,72,96,20,20,0,20,60,40,120,40,20,20,60,60,0,40,40,60,20,60,20,80,20,20,40,20,60,80,0,60,20,80,40,60,20,40,40,40,20
"Korea, Democratic People's Republic of",0,0,0,0,0,0,0,0,0,0,0,0,0,0,0,0,0,0,0,0,0,0,0,0,0,0,0,0,0,0,0,0,0,0,0,0,0,0,0,0,0,0,0,0,0,0,0,0,0,0,0,0,0,0,0,20,0,0,0,0,0,0,0,0,0,0,0,0,0,0,0,0,0,0,0,0,0,0,280
"Korea, Republic of",792,864,928,1428,936,1173,952,754,1296,784,1742,3038,544,540,784,988,770,1320,783,550,1025,1188,2079,2542,759,609,870,1176,816,1080,952,884,910,1334,1885,2343,782,841,850,1288,912,1056,1260,780,1100,1520,2240,2560,980,580,1080,1240,940,1280,700,740,1200,1100,1560,2560,900,520,860,1280,1160,1180,960,920,1320,1280,1460,2140,980,960,800,1480,1060,1040,0
Kosovo,0,0,0,0,0,0,0,0,0,0,0,0,0,0,0,0,0,0,0,0,0,0,0,0,0,0,0,0,0,0,0,0,0,0,0,0,0,0,0,0,0,0,0,0,0,0,0,0,0,0,0,0,0,40,0,0,0,0,20,0,0,0,0,20,0,20,20,20,0,0,0,20,0,0,0,0,0,20,1420
Kuwait,0,0,58,84,24,0,56,26,0,28,52,31,32,0,28,0,0,22,27,25,25,0,81,62,0,0,0,28,48,24,0,26,0,29,0,0,68,58,68,28,0,48,0,0,0,40,20,40,40,0,0,0,20,120,0,0,40,40,20,20,0,20,20,40,0,40,0,0,20,20,60,40,80,20,20,20,0,20,0
Kyrgyzstan,0,0,0,28,0,0,0,0,0,0,0,0,0,0,0,0,0,0,0,0,0,0,0,0,0,0,0,0,0,24,0,26,0,0,0,0,0,0,0,0,24,0,0,0,0,20,0,0,0,0,0,0,0,20,0,20,0,0,0,0,0,20,0,20,0,0,0,0,20,0,0,0,0,0,0,0,0,0,2020
Laos,33,54,0,0,24,0,0,104,0,84,26,62,32,54,56,26,66,44,27,25,50,0,135,93,33,0,0,0,24,72,56,26,0,58,145,33,0,29,34,56,48,24,40,40,20,80,100,100,80,40,40,60,80,60,80,0,100,120,60,80,0,60,80,80,0,0,0,60,60,60,120,180,140,20,40,80,20,60,20
Latvia,0,0,0,0,0,23,28,0,0,0,0,0,0,0,0,26,0,0,27,0,50,27,0,0,0,0,0,0,0,24,28,0,0,0,0,0,0,0,0,0,24,24,0,0,0,0,0,0,0,0,0,0,0,0,20,0,20,0,0,0,0,0,0,0,20,20,0,0,20,0,0,0,0,0,0,20,0,40,0
Lebanon,0,0,0,0,0,0,0,26,0,0,0,0,0,0,0,26,22,0,0,0,0,0,27,0,0,0,30,0,0,48,0,0,26,0,0,0,0,0,34,28,0,24,0,40,0,20,0,20,20,0,0,20,0,20,0,20,40,0,0,20,0,0,40,0,0,20,0,40,20,0,20,0,40,40,20,20,20,20,0
Lesotho,0,0,0,0,0,0,0,0,0,0,0,0,0,0,0,0,0,22,0,0,25,0,27,0,0,0,0,0,0,0,28,0,0,0,0,0,0,0,0,0,0,0,0,0,0,20,0,0,0,0,0,0,0,0,0,0,0,0,0,0,0,0,0,20,0,0,0,0,0,0,0,0,0,0,0,0,0,0,0
Liberia,0,0,0,0,0,0,0,0,0,0,0,0,0,0,0,0,0,0,0,0,0,0,27,0,0,0,0,0,0,0,0,0,0,0,0,0,0,0,0,0,0,0,0,0,0,0,20,0,0,0,0,0,0,0,0,0,0,0,0,0,0,0,0,0,20,0,0,0,0,0,0,0,20,0,0,0,20,0,0
Libya,0,0,0,0,0,0,0,0,0,0,0,0,0,0,28,0,22,0,0,0,0,27,54,31,33,0,0,0,0,0,0,0,0,29,0,0,0,29,0,0,0,0,0,0,0,0,0,0,0,0,0,0,20,0,0,0,0,0,0,0,0,0,0,0,0,0,0,20,0,0,0,0,0,0,0,0,0,0,0
Liechtenstein,0,0,0,0,0,0,0,0,0,0,0,0,0,0,0,0,0,0,0,0,0,0,0,0,0,0,0,0,24,0,0,0,0,0,0,0,0,0,0,0,0,0,0,0,0,0,0,0,0,0,0,0,0,20,0,0,0,0,0,0,0,0,0,0,0,0,0,0,0,0,0,0,0,0,0,0,0,0,20
Lithuania,0,0,0,0,24,92,0,0,0,0,0,0,0,0,0,0,0,22,0,0,0,0,0,0,0,29,0,0,24,0,0,0,0,0,0,0,0,0,34,0,0,24,20,0,0,0,0,0,0,0,0,0,0,0,60,0,0,0,0,0,0,0,0,0,0,0,60,20,20,0,0,0,0,0,0,0,0,40,0
Luxembourg,0,0,0,0,24,0,0,0,0,0,0,0,0,0,0,0,22,0,0,0,0,0,0,31,0,0,0,0,0,0,28,0,26,0,0,0,0,0,0,28,0,48,20,0,0,0,0,0,0,0,0,0,0,0,0,0,0,0,0,0,0,0,20,0,0,0,0,0,0,0,0,0,0,0,0,0,20,0,0
Macau (Special Administrative Region),0,54,58,28,0,92,28,52,0,0,52,62,0,27,0,26,0,0,27,0,25,108,54,0,33,0,90,28,24,48,56,0,52,0,29,132,0,29,0,56,24,48,0,0,0,20,120,60,60,40,40,20,0,0,20,20,20,20,80,60,20,0,0,40,20,40,0,40,60,20,40,20,40,20,0,40,0,0,0
Madagascar,0,0,0,0,0,0,0,0,0,0,0,0,0,0,0,0,0,22,0,0,0,0,0,0,0,0,0,0,0,0,0,0,0,0,0,0,0,0,0,0,24,0,0,0,20,20,0,20,0,0,0,0,0,0,20,0,0,0,0,0,0,0,0,0,20,20,0,0,0,0,0,0,0,20,0,0,0,0,60
Malawi,0,0,0,28,0,0,0,0,0,0,0,0,0,0,0,0,44,22,0,0,0,27,0,0,0,0,0,0,0,0,0,0,0,29,0,0,0,0,0,0,0,0,60,20,0,0,0,0,20,0,20,0,0,0,0,20,40,0,0,20,0,0,20,0,0,0,0,0,0,20,60,40,40,0,20,0,0,40,40
Malaysia,1254,567,1160,1260,1152,1840,1484,1274,1458,1456,2470,2325,1120,1026,896,884,1122,1936,1539,1125,1400,891,2106,2263,1452,1131,1350,1344,1296,1584,1596,1092,1794,1624,2262,2343,1156,899,1156,2604,2376,2304,2940,1920,1320,2000,2060,2740,2000,1180,1540,1460,1740,2180,1440,1060,1220,1200,2320,2520,920,1160,1440,1340,1020,1140,1780,1320,1600,1000,2000,2760,2060,1040,1340,1780,1640,1820,160
Maldives,0,27,0,84,48,92,0,52,54,56,0,62,0,27,84,26,22,0,27,0,0,0,27,0,33,0,30,0,0,24,28,52,26,0,29,0,34,29,102,0,72,48,100,20,40,0,20,60,0,0,20,40,60,60,40,40,40,0,20,0,40,20,40,60,40,40,40,120,100,20,0,40,20,0,20,20,20,0,120
Mali,0,0,0,0,0,0,0,0,27,0,0,0,0,0,0,0,0,0,0,0,0,0,0,0,0,0,0,0,24,0,0,0,0,0,0,0,0,0,0,0,24,0,0,0,0,0,0,0,0,20,0,0,0,0,0,0,0,20,20,0,0,0,0,0,20,40,20,20,0,20,0,20,40,0,0,20,20,0,0
Malta,0,0,29,56,24,0,0,52,27,0,0,31,32,0,0,26,22,66,0,50,0,27,0,0,0,0,0,28,24,0,56,0,0,116,29,0,0,0,0,0,48,24,20,20,20,0,0,20,0,40,20,0,40,20,60,40,0,20,60,40,20,20,20,0,20,0,0,0,0,0,20,60,0,0,0,20,40,20,60
Marshall Islands,0,0,58,0,0,0,0,0,0,0,0,0,32,0,0,0,0,22,0,0,0,27,0,0,0,0,0,0,24,0,28,0,0,0,0,0,68,0,34,28,0,0,0,0,0,20,20,0,0,0,20,0,0,20,20,20,0,0,0,0,20,0,0,20,0,0,0,20,20,20,0,0,0,20,0,0,0,0,80
Martinique,0,0,0,0,0,0,0,0,0,0,0,0,0,0,0,0,0,0,0,0,0,0,0,0,0,0,0,0,0,0,0,0,0,0,0,0,0,0,0,0,0,0,0,0,0,0,0,0,0,0,0,0,0,0,0,0,0,0,0,0,0,0,0,0,0,0,0,0,0,0,0,0,0,0,0,0,0,0,0
Mauritania,0,0,0,0,0,0,0,0,0,0,0,0,0,0,0,0,0,0,0,0,0,0,0,0,0,0,0,0,0,0,0,0,0,0,29,0,0,0,0,0,0,0,0,0,0,0,0,0,0,0,0,0,0,0,0,0,0,0,0,0,0,0,0,0,0,0,0,0,0,0,0,0,0,0,0,0,0,0,0
Mauritius,33,0,0,0,0,46,0,26,135,56,78,62,0,27,28,26,44,0,0,25,0,0,27,31,33,58,0,0,96,48,56,52,26,58,0,99,0,0,34,28,48,0,20,0,40,20,80,120,0,20,20,0,60,40,60,20,20,40,0,60,0,40,60,60,40,20,20,0,0,60,40,40,20,0,0,20,0,20,0
Mayotte,0,0,0,0,0,0,0,0,0,0,0,0,0,0,0,0,0,0,0,0,0,0,0,0,0,0,0,0,0,0,0,0,0,0,0,0,0,0,0,0,0,0,0,0,0,0,0,20,0,0,0,0,0,0,0,0,0,0,0,0,0,0,0,0,0,0,0,0,0,0,0,0,0,0,0,0,0,0,0
Mexico,0,108,174,224,240,115,392,104,162,196,208,93,128,81,168,208,110,198,81,225,225,189,108,155,66,116,270,224,96,96,224,78,182,174,87,198,204,116,170,280,96,96,100,160,100,180,180,240,60,140,200,200,200,240,120,260,100,160,240,200,100,20,120,240,120,160,420,180,160,80,260,500,200,60,240,360,300,320,0
"Micronesia, Federated States of",0,0,29,0,0,0,0,0,0,28,0,0,0,0,0,0,0,0,0,0,0,0,27,0,0,29,0,0,0,0,56,26,52,58,0,0,0,0,0,0,0,0,20,20,0,0,20,0,0,0,0,0,0,0,0,0,0,0,0,0,0,20,0,0,0,0,20,20,0,20,0,0,0,0,0,0,0,20,18320
Moldova,0,0,0,0,0,0,0,0,0,0,0,0,0,0,0,0,0,0,0,0,0,0,0,0,0,0,0,0,0,0,0,0,0,0,0,0,0,0,0,0,0,0,0,0,0,20,0,0,0,0,0,20,20,0,0,0,0,0,0,0,0,0,0,0,20,0,0,0,20,0,0,0,0,20,0,0,0,0,0
Monaco,0,0,29,0,0,0,0,0,27,0,0,0,0,0,0,0,0,0,0,0,25,0,0,0,0,0,0,0,0,0,0,0,0,0,0,0,0,0,34,28,24,0,0,0,20,0,0,0,0,0,0,0,0,0,0,0,20,0,0,0,0,0,0,0,0,20,0,0,0,0,0,0,0,0,0,0,40,20,0
Mongolia,0,0,0,0,24,46,28,0,54,0,0,0,0,0,28,78,0,0,0,0,0,0,0,0,0,29,0,56,0,24,56,0,0,0,0,0,0,0,0,0,0,24,80,0,0,0,20,40,0,0,20,0,0,140,60,0,40,0,0,20,20,20,40,40,60,80,80,20,80,20,0,0,20,20,20,20,0,20,40
Montenegro,0,0,0,0,0,0,0,0,0,0,0,0,0,0,0,0,0,0,0,0,0,0,0,0,0,0,0,0,0,48,0,0,26,0,0,0,0,0,0,0,0,0,20,0,20,0,0,0,0,0,0,0,0,0,0,20,0,0,20,0,0,0,0,0,0,0,0,20,0,0,0,20,0,0,20,0,0,40,0
Montserrat,0,0,0,0,0,0,0,0,0,0,0,0,0,0,0,0,0,0,0,0,0,0,0,0,0,0,0,0,0,0,0,0,0,0,0,0,0,0,0,0,0,0,0,0,0,0,0,0,0,0,0,0,0,0,0,0,0,0,0,0,0,0,0,0,0,0,0,0,0,0,0,0,0,0,0,0,0,0,0
Morocco,33,0,29,56,24,46,28,52,54,56,26,0,0,0,84,52,44,0,81,75,125,0,81,0,33,29,60,0,120,72,0,26,26,87,0,0,68,0,34,84,48,0,0,0,40,60,0,40,0,20,40,80,40,20,0,0,80,0,20,0,0,20,0,60,80,20,20,60,100,60,100,120,0,20,20,100,80,0,0
Mozambique,0,0,0,0,0,0,0,0,0,0,0,31,0,0,0,26,0,22,0,0,0,0,0,0,0,0,0,28,0,0,0,26,52,58,0,0,0,29,0,28,0,0,0,0,40,20,0,20,20,0,0,0,0,0,20,0,20,20,20,0,20,0,20,20,20,0,0,0,20,20,0,0,0,0,0,0,40,0,20
Namibia,0,0,0,0,72,115,0,52,54,0,0,0,0,27,28,26,22,110,0,50,0,0,0,0,0,29,0,56,0,24,0,78,26,29,0,0,0,0,0,56,72,96,20,20,40,0,40,0,0,20,0,60,40,20,40,0,20,20,0,20,20,0,60,60,20,40,20,40,20,0,20,20,0,0,20,20,20,120,20
Nauru,0,0,0,0,0,0,0,0,0,0,0,31,0,0,0,0,22,0,0,0,0,27,0,0,33,0,0,0,24,0,0,0,0,29,0,0,0,0,0,0,0,0,0,0,0,0,0,0,0,0,20,0,0,0,0,20,0,0,0,0,20,0,20,20,20,40,0,20,20,140,80,20,60,60,60,20,20,20,400
Nepal,66,54,116,224,96,23,56,26,216,140,104,62,64,0,112,260,66,22,0,0,150,243,54,31,0,29,180,168,120,0,28,52,364,203,116,66,68,29,102,196,120,48,20,60,140,200,280,140,40,100,220,280,140,40,20,40,180,220,200,60,100,60,140,320,120,80,40,80,260,420,120,120,40,120,340,280,120,40,2220
Netherlands,66,54,261,896,672,713,868,702,486,364,468,372,96,135,280,676,814,968,594,375,675,378,270,310,132,116,270,588,840,1032,980,494,676,493,348,429,170,116,340,700,960,912,920,580,620,360,360,580,260,200,340,500,900,840,660,440,540,300,340,400,180,220,200,860,720,880,880,600,860,220,300,340,200,280,440,420,1300,1040,0
Netherlands Antilles,0,0,0,0,0,0,0,0,0,0,0,0,0,0,0,0,0,0,0,0,0,0,0,31,0,0,0,0,0,0,28,26,0,0,0,0,0,0,0,0,0,0,0,0,0,20,0,0,0,0,0,0,0,0,0,0,0,0,0,0,0,0,0,0,0,0,0,0,0,0,0,0,0,0,0,0,0,0,0
New Caledonia,1386,756,841,840,960,828,924,1066,513,1232,754,527,224,108,308,546,594,572,1350,925,675,837,486,341,198,174,270,1372,720,1464,868,494,702,493,377,825,986,232,340,532,912,912,940,620,320,620,600,580,1420,220,340,480,360,820,800,540,740,780,340,500,240,80,260,600,940,1200,1020,560,960,760,520,480,340,160,420,600,1120,1040,0
New Zealand,0,0,0,0,0,23,0,0,0,0,0,0,64,0,0,0,22,22,0,0,0,0,0,0,0,0,0,0,24,0,0,26,0,0,0,0,0,29,34,0,0,0,0,100,0,0,0,0,0,0,0,0,0,0,0,0,0,0,0,0,0,0,0,0,0,0,0,0,0,0,0,0,0,0,0,0,0,0,740
Nicaragua,0,27,29,0,24,0,0,0,0,0,0,0,0,0,0,26,0,0,0,0,0,0,0,0,0,0,0,0,0,0,0,0,0,0,0,33,0,0,0,0,0,0,20,0,0,0,0,0,0,0,0,0,0,20,0,0,0,20,0,0,0,20,0,0,0,0,0,0,0,0,0,20,0,0,0,40,20,0,380
Niger,0,27,0,0,0,0,0,0,0,0,0,0,0,0,0,0,0,0,0,0,0,0,0,0,0,0,0,0,0,0,0,0,0,0,0,0,0,0,0,0,0,0,0,0,0,0,0,0,0,0,0,0,0,0,0,0,0,0,0,0,0,0,0,0,0,20,0,20,0,0,0,0,0,0,0,0,0,0,20
Nigeria,33,0,29,28,0,69,28,52,0,28,78,31,0,0,0,26,22,88,0,25,0,108,0,93,33,0,30,28,24,0,28,0,0,0,0,33,0,29,34,28,0,48,40,0,40,0,40,100,20,40,40,0,20,20,0,40,20,40,20,140,0,0,40,40,60,60,20,0,0,0,40,20,0,40,0,0,0,20,0
Niue,33,81,145,168,96,184,140,286,135,224,156,341,128,27,140,234,66,176,162,250,175,243,162,248,132,116,90,112,192,288,364,234,234,232,174,330,204,87,68,196,168,216,460,260,280,380,220,280,120,120,200,180,180,480,380,360,360,300,280,280,120,180,260,300,360,620,520,760,560,620,340,380,200,120,240,240,580,660,60
Norfolk Island,429,540,522,672,480,483,504,364,405,728,468,310,320,324,504,390,506,198,189,350,325,648,378,217,264,261,300,364,408,192,252,286,234,406,232,297,306,232,306,308,576,120,240,260,380,400,320,260,260,220,240,320,360,200,320,200,420,340,380,380,200,300,320,480,400,400,300,400,440,360,360,420,280,300,480,340,440,460,1000
Northern Mariana Islands,0,0,0,0,0,23,0,0,0,0,0,0,0,0,0,0,0,44,0,0,0,0,27,0,0,0,0,0,0,0,0,0,0,0,0,0,0,0,0,0,0,0,0,0,0,0,0,0,0,0,0,0,0,0,0,0,0,0,0,0,0,0,0,0,0,0,0,0,0,0,0,0,0,0,0,0,0,0,20
Norway,0,0,58,0,96,115,84,182,54,56,130,0,0,0,28,0,44,154,216,75,0,27,27,124,0,0,60,0,120,168,140,156,0,58,58,66,0,29,34,112,120,192,120,100,160,0,40,40,40,20,40,60,120,260,180,120,60,40,20,120,60,60,80,20,140,260,140,140,80,40,40,20,20,80,0,0,160,120,780
Oman,33,27,29,56,24,46,56,0,27,112,78,124,32,27,84,26,88,22,0,25,0,27,81,31,99,29,30,84,0,48,0,26,52,29,29,66,68,0,68,56,24,24,40,40,0,20,60,40,80,40,20,60,20,80,20,20,0,80,40,80,0,80,40,0,20,100,0,0,40,80,140,140,40,20,60,0,20,40,60
Pakistan,0,81,203,0,48,69,84,78,81,56,260,155,128,189,168,52,22,44,81,0,100,135,513,124,231,174,120,112,48,24,28,78,78,29,232,132,102,203,102,56,24,120,100,100,100,60,200,160,100,140,220,20,20,40,100,120,40,80,260,160,100,40,40,40,20,60,40,80,80,240,240,120,140,220,80,80,60,20,1080
Palau,0,0,0,0,0,0,0,0,0,0,0,0,0,0,0,52,0,44,27,0,0,0,0,0,0,0,0,28,0,0,0,0,0,0,0,0,0,0,0,0,0,0,0,0,0,20,0,0,0,0,0,20,0,20,0,0,0,0,0,0,0,0,20,0,20,0,0,0,0,20,0,0,20,20,0,0,20,0,0
Panama,0,0,0,0,0,0,0,0,0,0,0,31,0,0,28,0,0,0,0,0,0,0,0,0,0,0,0,0,0,0,0,0,0,0,0,33,0,0,0,28,0,24,0,0,0,40,0,40,0,0,0,80,20,0,0,0,0,40,0,100,0,0,20,0,20,0,20,0,20,0,0,0,0,40,0,20,0,20,0
Papua New Guinea,198,324,145,224,168,207,168,78,297,112,234,310,320,162,308,182,286,154,432,200,150,135,189,279,165,290,330,84,288,168,308,338,364,203,290,297,136,377,340,308,576,432,540,480,440,420,460,380,340,320,580,540,660,480,520,440,600,620,560,480,480,420,520,540,500,480,640,480,460,800,500,380,480,500,620,540,560,420,960
Paraguay,0,0,0,0,0,0,56,0,27,0,0,0,0,0,0,0,0,22,27,0,0,27,0,0,0,0,30,0,0,0,0,0,0,0,0,0,0,0,0,0,0,0,0,0,0,0,0,0,0,0,0,0,0,20,0,0,0,0,20,0,0,0,0,0,0,0,0,0,0,0,0,20,0,0,0,0,0,0,0
Peru,33,27,87,56,168,138,168,156,108,112,104,124,32,27,84,182,264,154,324,125,200,216,81,124,66,145,60,56,144,240,112,130,286,87,116,66,34,116,68,168,216,192,120,220,100,60,140,80,60,60,80,100,100,260,80,160,200,160,80,160,0,20,180,160,180,200,220,160,180,40,120,60,40,100,80,260,200,140,40
Philippines,594,594,812,1176,936,782,672,260,459,700,546,2077,640,324,952,702,836,814,621,800,725,432,621,2294,1056,406,960,1232,840,864,644,572,598,928,783,3927,714,667,1054,1456,1176,1152,1200,780,740,880,1080,3340,1220,700,1780,1440,1300,1140,940,480,880,820,1240,3280,1160,860,1280,1560,1380,1340,1040,720,1060,1180,1540,4140,1340,940,1420,1940,1640,1540,60
Pitcairn,0,0,0,0,0,0,0,0,0,0,0,0,0,0,0,0,0,0,0,25,0,0,0,0,0,0,0,0,0,24,0,0,0,0,0,0,0,0,0,0,24,0,0,0,0,0,0,0,0,0,0,0,0,0,0,0,0,0,0,0,0,20,0,0,0,0,0,0,0,0,20,0,0,20,0,0,0,0,600
Poland,33,0,29,28,96,184,56,130,108,0,78,62,0,0,0,26,132,132,54,25,25,54,0,0,33,0,30,84,24,96,140,52,182,29,58,66,0,0,34,0,48,144,300,80,80,0,40,80,0,20,40,20,100,120,240,100,100,40,20,20,20,20,40,20,120,180,220,80,160,20,160,140,0,40,40,40,60,100,220
Portugal,0,0,29,56,96,138,56,156,81,0,26,0,32,54,28,78,132,66,27,125,200,27,54,0,33,0,0,28,120,120,84,52,156,0,145,33,0,0,68,28,192,168,120,140,60,100,20,20,0,0,100,40,20,140,40,80,40,0,0,80,0,20,20,120,100,180,100,60,100,140,0,60,20,20,20,120,100,200,160
Puerto Rico,0,0,0,0,0,0,0,0,0,0,0,0,0,0,28,0,0,0,0,0,0,0,0,0,0,0,0,0,0,0,0,0,0,0,0,0,0,0,0,0,0,0,20,0,0,0,0,0,0,40,0,20,0,0,0,0,0,0,0,0,0,0,0,0,0,0,20,0,20,0,0,0,0,0,0,0,0,0,0
Qatar,0,27,58,0,48,23,0,0,108,0,0,0,64,27,112,130,22,88,0,25,75,27,27,93,33,58,60,84,24,48,56,26,104,87,29,66,102,29,0,0,0,0,0,40,60,60,60,60,60,0,40,20,20,80,40,20,80,0,80,120,20,40,60,40,0,20,20,40,20,20,80,100,40,40,20,100,0,20,0
Reunion,0,0,0,0,0,0,0,26,0,0,0,0,0,0,0,0,0,0,0,0,0,0,0,0,0,0,0,0,0,0,0,0,0,0,0,0,34,0,0,28,0,0,20,0,0,0,0,20,0,0,0,0,0,0,0,20,0,0,0,0,0,0,0,0,0,0,0,0,0,0,0,0,0,0,0,0,0,0,40
Romania,0,0,29,56,48,92,140,52,108,28,52,62,32,27,56,0,66,66,54,50,25,54,27,93,0,0,0,28,48,0,140,52,26,29,0,33,0,0,0,28,24,0,120,0,20,20,60,40,20,40,20,60,60,120,40,40,0,20,0,60,20,0,0,40,100,180,80,60,40,40,20,40,20,40,40,100,80,140,100
Russia,132,81,87,140,264,575,364,234,324,140,52,155,96,27,140,130,198,308,405,175,150,81,81,310,132,0,210,196,72,408,280,104,130,29,232,132,0,87,34,112,312,408,380,260,140,160,180,160,40,140,120,160,300,280,220,380,380,40,80,240,40,40,40,140,160,480,580,220,160,80,120,280,100,180,120,140,280,380,60
Rwanda,0,0,0,0,24,0,0,0,0,0,0,0,0,27,0,0,0,0,0,0,0,0,27,0,33,0,0,0,0,0,0,0,26,0,0,0,0,0,0,0,0,0,0,20,0,20,0,20,0,0,20,0,0,0,0,0,0,0,0,20,0,0,0,0,40,20,20,20,0,0,20,0,20,0,0,0,0,0,0
Samoa,2607,1539,2320,2604,3240,3404,3948,3640,3456,3192,2964,4774,2912,2052,2548,3484,3278,3300,4266,3775,3400,4374,3456,4588,3267,2494,2730,2744,3072,4104,5264,4238,4810,3799,3219,4719,3026,2175,2618,3192,2976,3576,4840,4060,3580,4040,3540,4800,2900,2120,2580,3660,3940,4920,5080,4200,4600,3880,3420,4720,2900,1700,2500,3040,2840,4020,5340,4300,4680,4180,3000,5560,3560,2320,2580,3680,4080,4580,0
"Samoa, American",0,0,87,84,0,0,168,0,27,28,52,31,32,27,84,0,22,66,81,50,50,81,54,124,33,0,60,56,72,72,28,26,52,0,0,99,68,87,34,84,24,24,0,20,40,40,20,40,40,40,60,0,80,60,80,60,40,0,60,20,100,40,60,20,60,40,100,160,40,20,0,60,60,0,100,40,20,20,0
San Marino,0,0,0,0,0,0,0,0,0,0,0,0,0,0,0,0,0,0,0,0,0,0,0,0,0,0,0,0,0,0,0,0,0,0,0,0,0,0,0,0,0,0,0,0,0,0,0,0,0,0,0,0,0,0,0,0,0,0,0,0,0,0,0,0,0,0,0,0,0,0,0,0,0,0,0,0,0,0,100
Sao Tome and Principe,0,0,0,0,0,0,0,0,0,0,0,0,0,0,0,0,0,0,0,0,0,0,0,0,0,0,0,0,0,0,0,0,0,0,0,0,0,0,0,0,0,0,0,0,0,0,0,0,0,0,0,0,0,0,0,0,0,0,0,0,0,0,0,0,0,0,0,0,0,0,0,0,0,0,0,0,0,0,0
Saudi Arabia,33,0,116,28,0,138,56,130,81,84,390,124,0,0,84,26,88,88,135,75,125,81,378,651,132,29,30,168,24,240,84,182,156,319,725,561,68,261,170,252,96,264,100,120,200,460,620,640,100,100,120,160,120,320,140,140,120,280,440,440,140,80,120,200,60,180,160,140,300,200,460,320,120,120,100,80,100,200,40
Senegal,0,0,0,0,0,0,0,0,0,0,0,0,0,0,0,0,0,0,0,0,0,0,0,0,0,0,0,0,0,0,0,0,0,0,0,0,0,0,0,0,0,0,0,0,0,0,0,0,0,0,0,0,0,0,0,0,0,0,0,0,0,0,0,0,0,0,0,0,0,0,0,0,0,0,0,0,0,0,0
Serbia,0,0,0,0,0,0,0,0,0,0,26,62,0,0,28,0,44,132,108,75,25,27,27,93,0,0,30,56,72,192,56,52,104,29,29,33,0,29,0,28,24,120,100,80,60,20,0,40,20,0,40,80,40,160,60,40,100,60,0,20,0,0,40,40,100,140,20,60,20,40,0,0,0,20,20,20,120,40,140
Seychelles,0,0,0,0,0,0,28,0,0,0,0,0,0,0,0,52,0,0,0,0,0,27,0,31,0,0,0,0,0,48,28,0,0,0,0,0,0,29,0,0,0,0,0,20,0,0,0,20,20,0,20,0,0,0,0,0,0,20,20,0,0,20,0,20,0,20,0,0,0,0,20,0,0,0,0,0,20,20,200
Sierra Leone,0,0,0,0,0,0,0,0,0,0,0,0,0,0,0,0,0,0,0,0,0,0,0,0,0,0,0,0,0,0,0,0,0,0,0,0,0,0,0,56,0,0,0,0,0,0,0,0,0,0,0,0,0,0,0,0,0,0,0,0,0,0,0,0,20,0,0,0,0,0,0,0,0,0,0,0,0,0,0
Singapore,1254,1026,1015,1204,1056,1288,1372,1274,1134,1344,1300,1240,288,648,784,1144,1628,1496,1242,1450,1300,1431,1188,1209,990,638,1320,1260,1200,1344,1176,1196,1248,1276,1682,1485,680,696,1700,1988,2112,1608,2820,1640,1400,1820,1920,1760,1360,1220,1140,1560,1140,1620,1660,1240,1660,1380,1400,1740,1100,980,1340,1660,1260,1440,2140,1280,1880,1820,1460,1940,1240,1120,1540,1940,2380,1520,120
Slovakia,0,0,29,0,24,69,0,26,81,0,26,31,0,0,0,0,0,176,54,25,50,0,0,0,0,0,0,28,24,48,28,26,26,29,29,0,0,0,0,0,0,48,20,0,0,0,0,0,0,0,0,0,60,0,20,20,0,0,0,40,0,0,0,0,80,120,20,40,20,20,0,20,0,0,20,40,40,20,0
Slovenia,0,27,0,84,0,69,0,26,27,56,0,0,0,0,0,0,0,0,0,25,25,0,0,0,0,0,0,0,0,0,28,26,0,0,29,0,0,0,0,0,24,24,40,0,0,0,0,40,0,0,0,0,20,40,0,20,0,0,0,0,0,20,20,60,20,0,40,20,0,20,0,0,0,20,0,20,20,40,420
Solomon Islands,66,81,174,0,0,115,140,0,108,56,0,62,64,54,140,130,88,176,81,100,175,81,0,62,0,87,120,168,96,96,140,78,208,174,58,165,170,116,204,84,72,96,120,40,140,140,160,180,120,60,80,80,80,260,100,160,100,80,180,80,20,100,100,240,120,80,300,100,160,100,160,280,60,20,40,200,120,120,40
Somalia,0,0,29,0,0,0,0,0,0,0,0,31,0,0,0,0,0,0,0,0,0,0,0,0,0,0,0,0,0,0,0,0,0,0,0,0,0,0,0,0,0,0,0,0,0,0,0,0,0,0,0,0,0,0,0,0,20,0,0,0,0,0,0,0,0,0,0,20,0,0,0,0,0,0,0,0,0,0,0
South Africa,891,864,1131,1316,888,690,952,884,891,868,1066,2387,384,837,952,1170,1144,1122,1188,1125,875,594,1161,3007,726,870,1380,1540,720,1608,896,910,1794,1015,1711,3036,680,1044,1020,1736,816,1032,1100,900,780,920,1900,3000,760,760,1280,1140,900,1140,1020,900,1520,1020,1360,3580,740,600,1100,1180,680,1060,1340,900,1100,860,1380,3060,860,1040,1300,1520,980,1060,0
South Georgia and the South Sandwich Islands,0,0,0,0,0,0,0,0,0,0,0,0,0,0,0,0,0,0,0,0,0,0,0,0,0,0,30,0,0,0,0,0,0,0,0,0,0,0,0,0,0,0,0,0,0,0,0,20,0,0,0,0,0,0,0,0,0,0,0,20,0,0,0,0,0,0,0,0,0,0,0,0,0,0,0,0,0,0,0
South Sudan,0,0,0,0,0,0,0,0,0,0,0,0,0,0,0,0,0,0,0,0,0,0,0,0,0,0,0,0,0,0,0,0,0,0,0,0,0,0,0,0,0,0,0,0,0,0,0,0,0,0,0,0,0,0,0,0,0,0,0,0,0,0,20,0,0,0,0,20,0,0,20,20,20,20,0,0,0,0,0
Spain,198,81,174,308,648,621,308,572,837,140,182,155,64,135,392,390,396,572,432,425,550,216,189,310,132,87,420,336,624,480,252,364,1118,493,145,330,204,87,238,588,768,576,620,620,820,360,280,280,80,200,300,340,680,720,780,680,1000,200,220,300,200,140,340,520,680,940,940,800,1020,440,200,340,160,180,220,880,1220,1220,0
Sri Lanka,132,162,145,336,216,115,84,130,243,168,416,589,160,54,280,208,176,198,162,125,0,216,594,806,231,203,300,224,96,480,224,286,234,203,435,660,170,348,476,504,312,408,320,280,140,320,640,1080,160,200,220,340,300,320,300,500,320,200,380,820,360,200,380,460,280,280,300,420,360,180,740,1040,440,180,220,440,480,300,120
St Helena,0,0,0,0,0,0,0,0,0,0,0,0,0,0,0,0,0,0,0,0,0,0,0,0,0,0,0,0,0,0,0,26,0,0,0,0,0,0,0,0,0,0,0,0,0,0,0,0,0,0,0,0,0,0,0,0,0,0,0,0,0,0,0,0,0,0,0,0,0,0,0,0,0,0,0,0,0,0,0
St Kitts and Nevis,0,0,0,0,0,0,0,0,0,0,0,0,0,0,0,0,0,0,0,0,0,0,0,31,0,0,0,0,0,0,0,0,0,0,29,0,0,0,0,0,0,0,0,0,0,0,20,0,0,0,0,0,0,0,0,0,0,0,0,0,0,0,0,0,0,0,0,0,0,0,0,0,0,0,0,0,0,0,0
St Lucia,0,0,0,0,0,0,0,0,0,28,0,0,0,0,0,0,0,0,0,0,0,0,0,0,0,0,0,28,0,0,0,0,0,0,0,0,0,0,0,0,0,0,0,0,0,0,0,0,0,0,0,0,0,0,0,0,0,0,0,0,0,0,0,0,20,0,0,0,0,20,0,0,0,0,0,0,0,0,0
St Maarten (Dutch Part),0,0,0,0,0,0,0,0,0,0,0,0,0,0,0,0,0,0,0,0,0,0,0,0,0,0,0,0,0,0,0,0,0,0,0,0,0,0,0,0,0,0,0,0,0,0,0,0,0,0,0,0,0,0,0,0,0,0,0,0,0,0,0,0,0,0,0,0,0,20,0,20,0,0,20,0,0,0,0
St Pierre and Miquelon,0,0,0,0,0,0,0,0,0,0,0,0,0,0,0,0,0,0,0,0,0,0,0,0,0,0,0,0,0,0,0,0,0,0,0,0,0,0,0,0,0,0,0,0,0,0,0,0,0,0,0,0,0,0,0,0,0,0,0,0,0,0,0,0,0,0,0,0,0,0,0,0,0,0,0,0,0,0,180
St Vincent and the Grenadines,0,0,0,0,0,0,0,0,0,0,26,0,0,27,0,0,0,0,0,0,0,0,0,0,0,0,0,0,0,0,0,0,0,0,0,0,0,0,0,0,0,0,0,0,0,0,0,0,0,0,0,0,0,0,0,0,0,0,0,0,0,0,0,0,0,0,0,0,0,0,0,0,0,0,0,0,0,0,40
Sudan,33,0,0,28,0,0,28,0,0,0,26,0,0,0,0,0,0,0,0,25,0,0,0,0,0,0,0,0,0,0,0,0,0,0,29,33,34,0,0,0,24,0,0,0,0,20,0,0,40,20,0,0,0,0,0,20,0,0,0,20,0,0,20,0,0,0,0,0,0,20,0,20,0,0,0,20,20,0,0
Suriname,0,27,0,0,0,0,0,0,0,0,0,0,0,0,0,0,0,0,0,0,0,0,0,0,0,0,0,0,0,24,0,0,0,29,0,0,0,0,0,0,0,0,0,20,0,0,0,0,0,0,0,0,0,0,20,0,0,0,0,0,0,0,20,0,0,0,0,0,0,20,0,0,0,0,0,0,0,0,0
Swaziland,0,0,0,0,0,0,0,0,0,0,0,0,0,0,0,0,0,22,0,0,0,0,0,0,0,0,0,0,0,0,0,26,0,0,0,0,0,0,0,0,0,0,0,0,0,0,0,0,0,20,0,0,0,20,0,0,0,20,0,0,0,0,20,0,20,0,20,0,0,0,0,0,0,20,0,0,0,0,0
Sweden,66,27,29,84,264,437,252,182,216,56,104,155,96,0,28,26,88,440,189,200,100,27,27,124,33,29,30,56,312,456,224,78,52,58,87,0,34,0,102,140,264,336,300,80,40,40,40,140,20,40,140,100,160,380,320,160,160,80,20,180,20,40,80,120,220,400,560,200,240,40,140,120,100,40,40,100,400,360,460
Switzerland,132,81,290,364,408,644,504,286,189,28,104,434,256,189,140,286,374,484,405,300,250,162,270,310,165,87,270,168,504,288,560,286,130,0,87,231,204,174,170,196,456,312,520,240,400,100,220,460,180,220,120,260,380,500,500,340,160,200,160,560,160,120,160,200,420,560,560,400,260,140,260,400,60,140,180,240,400,460,20
Syria,33,0,0,28,24,23,28,26,0,28,26,31,0,0,0,0,66,22,0,25,50,0,54,31,33,0,0,28,24,24,0,0,26,0,29,0,34,0,34,56,24,0,0,20,20,0,0,0,0,0,0,0,0,20,0,0,0,0,0,0,0,0,0,0,0,0,0,0,0,0,0,0,0,0,0,0,0,0,0
Taiwan,1023,756,986,840,768,506,588,598,783,532,1508,1395,896,459,700,754,748,638,486,550,875,648,1728,1612,726,899,1320,840,792,960,616,598,702,870,1392,1749,1326,551,884,1064,600,384,700,500,820,740,1420,1720,1200,640,820,820,760,920,520,520,700,700,1280,1580,660,640,1100,760,540,620,420,520,980,820,1120,2120,580,900,920,840,840,560,0
Tajikistan,0,0,0,0,0,0,0,0,0,0,0,0,0,0,0,0,0,0,0,0,0,0,0,0,0,0,0,0,0,0,0,0,0,0,0,0,0,0,0,0,0,0,20,0,0,0,20,0,0,0,0,0,0,0,0,0,0,0,0,0,0,0,0,0,0,0,0,0,0,0,0,0,0,0,0,0,0,20,4880
Tanzania,33,27,58,0,24,46,112,26,54,56,26,31,0,27,56,26,22,44,81,25,0,27,0,31,0,0,0,28,48,216,168,156,104,29,29,0,34,58,0,28,48,96,60,60,20,0,40,80,0,60,20,0,40,260,20,20,60,40,20,100,20,60,80,60,60,80,180,40,20,0,60,40,100,20,40,40,20,120,240
Thailand,1452,1593,2204,2492,2400,2967,3836,2548,2970,2632,2314,2449,1152,1566,1708,2392,2574,3234,3321,2850,3300,3051,2619,2790,1287,1653,2250,2548,1392,2592,3528,2470,2990,2233,2204,2937,1700,1682,1938,3500,3432,4104,5600,3960,2040,2760,2360,3300,1900,2220,2760,3680,2920,5440,4800,3360,3440,2940,2800,4840,2460,2000,2500,3100,3000,4480,4720,4000,3960,3380,3700,4760,2080,1960,2000,4300,2320,3540,1660
Timor-Leste,0,27,0,112,48,23,56,26,54,140,78,0,0,108,84,26,66,22,27,100,100,27,54,0,0,58,0,28,24,0,56,26,0,0,58,33,0,0,0,0,24,0,40,60,20,20,0,20,20,40,20,0,40,40,40,20,140,20,20,0,20,20,40,60,0,40,20,60,0,60,20,0,20,0,0,20,20,40,0
Togo,0,0,0,0,0,23,0,0,0,0,0,0,0,0,0,0,0,0,0,0,0,0,0,0,0,0,0,0,24,0,0,0,0,0,0,0,0,0,0,0,0,0,0,0,20,0,0,0,0,0,0,0,0,0,0,0,0,0,0,0,0,20,0,0,0,0,0,0,0,0,0,0,0,0,0,0,0,0,20
Tokelau,0,0,0,0,48,23,28,0,27,28,26,124,0,0,0,0,0,0,0,25,0,27,54,31,0,0,0,0,72,0,0,26,0,29,174,66,0,0,0,0,0,0,0,40,0,0,140,20,40,40,0,20,0,20,20,0,40,20,40,40,20,0,0,20,0,20,40,20,40,20,60,40,40,0,20,0,20,20,0
Tonga,1122,729,899,1316,1464,1472,2296,1508,1809,1456,1300,2108,1088,837,784,936,1122,1606,1836,1850,1600,1296,1134,2232,1485,696,1170,1176,1200,1704,1820,1430,1742,1189,1160,2475,1020,928,884,1372,1416,1656,2200,1500,1160,1400,1000,2720,1220,600,980,1080,1200,1880,2320,1720,1400,1640,1520,2200,1100,1040,960,1300,1300,1480,2340,2060,2000,1740,1500,3300,1600,1080,980,1620,2380,2600,20
Trinidad and Tobago,0,0,0,0,0,0,56,0,0,0,26,0,0,0,0,0,22,0,0,0,0,27,54,0,0,0,0,28,0,0,0,52,0,29,0,0,0,0,0,0,0,0,0,0,20,0,0,20,0,0,0,20,0,0,20,0,20,20,0,20,0,0,20,0,0,20,0,20,0,20,0,20,0,20,20,0,20,0,0
Tunisia,0,0,0,0,24,0,0,52,0,0,0,0,0,0,0,0,0,0,0,0,0,27,0,0,0,0,30,0,0,24,0,26,0,0,29,0,0,0,0,0,0,0,0,0,0,0,0,0,0,0,0,0,20,20,0,0,0,0,20,0,0,0,0,0,0,0,0,0,20,20,0,0,0,0,0,40,0,0,0
Turkey,33,27,58,336,408,253,280,364,459,84,26,93,0,27,168,390,286,286,216,250,400,162,27,62,33,29,120,280,264,288,252,364,650,203,58,66,68,87,68,476,384,336,200,400,400,240,80,40,60,60,60,380,440,460,240,460,620,120,60,100,80,60,160,520,440,580,460,520,400,100,40,60,60,0,40,520,440,360,0
Turkmenistan,0,0,0,0,0,0,0,0,0,0,0,0,0,0,0,0,0,0,0,0,0,0,0,0,0,0,0,0,0,0,0,0,0,0,0,0,0,0,0,0,24,0,0,0,0,0,0,0,0,0,0,0,0,0,0,0,0,0,0,0,0,0,0,0,0,0,0,0,0,0,0,0,0,0,0,0,0,0,0
Turks and Caicos Islands,0,0,0,0,0,0,0,0,0,0,0,0,0,0,0,0,0,0,0,0,0,0,0,0,0,0,0,0,0,24,0,0,0,0,0,0,0,0,0,0,24,0,0,0,0,0,0,0,0,0,0,0,0,0,0,0,0,0,0,0,0,0,0,0,0,0,0,0,20,0,0,0,0,0,0,0,0,0,0
Tuvalu,0,0,0,0,0,0,0,0,0,0,0,0,0,54,0,0,0,22,0,0,0,27,0,0,0,58,0,28,0,0,56,0,0,0,58,33,0,0,0,0,0,0,0,0,0,60,20,20,20,0,20,0,0,20,0,20,20,40,60,20,0,20,0,0,0,0,0,0,0,0,40,20,20,20,0,20,80,60,2620
Uganda,0,27,0,0,24,46,0,52,54,0,0,31,32,0,0,0,0,44,0,0,50,0,0,31,33,29,0,0,48,0,56,0,52,0,0,33,0,0,0,28,48,24,0,40,0,20,20,40,0,0,40,20,0,0,40,20,40,0,40,40,0,0,20,20,0,0,100,40,0,0,100,40,20,0,0,0,20,60,120
Ukraine,0,0,0,0,0,23,56,52,27,28,52,31,32,0,0,52,22,88,0,50,50,27,27,31,33,0,30,0,72,24,84,26,52,0,0,0,0,0,34,28,24,24,40,20,40,0,80,0,0,20,40,40,60,60,20,20,60,40,0,0,0,40,80,40,60,40,40,40,20,0,40,60,40,0,40,20,20,20,0
Union of Soviet Socialist Republics,0,0,0,0,0,0,0,0,0,0,0,0,0,0,0,0,0,0,0,0,0,0,0,0,0,0,0,0,0,0,0,0,0,0,0,0,0,0,0,0,0,0,0,0,0,0,0,0,0,0,0,0,0,0,0,0,0,0,0,0,0,0,0,0,0,0,0,0,0,0,0,0,0,0,0,0,0,0,0
United Arab Emirates,330,216,464,392,456,230,252,156,243,364,728,744,352,324,448,546,242,352,297,150,450,351,594,620,264,522,300,644,384,240,224,208,442,261,783,660,238,493,340,448,432,288,220,200,280,480,540,520,400,260,400,380,280,180,140,340,340,320,540,640,300,360,380,600,520,200,280,120,420,420,540,880,340,340,740,520,560,340,2720
United Kingdom,2343,2808,5162,7560,11976,14053,12376,10062,10152,5012,3848,7719,2464,2106,4200,7696,11088,12144,13176,9200,9800,4077,3510,7936,2046,2552,5520,5796,12096,14736,11872,10816,11154,4350,3799,7557,2346,2001,4012,9128,12096,12888,15800,8740,7960,5020,4020,8880,2400,2640,6080,8400,12680,14940,9980,9900,10140,4360,4000,10040,2560,2100,4420,8100,11000,12780,14900,12000,9900,4320,4180,10420,1900,2160,4460,9600,12120,16900,2100
United States Minor Outlying Islands,0,0,0,0,0,0,0,0,0,0,0,0,0,0,0,0,0,0,0,0,0,0,0,0,0,0,0,0,0,0,0,0,0,0,0,0,0,0,0,0,0,0,0,0,0,0,0,0,0,0,0,0,0,0,0,0,0,0,0,0,0,0,0,0,0,0,0,0,0,0,0,0,0,0,0,0,0,0,20
United States of America,5214,3915,5075,7952,8928,10258,10976,9438,11367,7700,5304,7192,4064,4455,4760,7566,8690,9614,10962,8050,9500,7371,6291,6727,4026,4176,6120,8596,9288,12600,10640,9828,10998,8091,6670,7887,4522,4379,5610,8596,9216,11496,14560,10180,9600,9540,7280,9380,5800,5660,6580,11080,10540,16140,12780,12340,13520,9460,7380,10340,6160,5720,6700,13160,13240,13700,18020,15460,18320,11520,8460,11740,8140,6840,7460,15420,15420,16880,0
Uruguay,0,0,29,28,0,0,84,52,27,84,0,31,0,27,0,26,22,0,27,0,50,54,81,62,33,0,0,28,72,0,28,78,52,29,29,0,34,29,0,28,24,48,60,40,20,20,20,40,20,0,40,20,20,60,0,60,20,0,0,60,60,20,0,40,20,0,0,20,20,0,100,40,0,40,0,60,60,20,19780
Uzbekistan,0,0,0,28,0,0,0,0,0,0,0,0,0,0,0,0,0,22,27,0,25,0,0,0,0,0,0,0,24,0,0,52,0,0,29,33,0,0,0,0,0,0,0,0,20,0,0,0,0,0,0,20,20,0,0,0,0,20,0,0,0,0,0,60,80,0,0,0,0,0,20,0,0,0,0,0,20,0,600
Vanuatu,1023,432,696,756,720,1380,2016,1560,1323,1064,858,713,608,297,588,754,858,1276,1755,1550,1400,1026,729,682,693,348,570,812,936,1368,1652,1456,1248,841,667,825,782,203,442,644,864,1200,1880,1600,820,940,800,800,680,260,580,800,820,1420,1660,1840,1520,1300,720,920,660,300,680,1860,1180,1820,2200,1940,1540,1540,900,960,620,320,700,1120,2820,1940,0
Vatican City State,0,0,0,0,0,0,0,0,0,0,0,0,0,0,0,0,0,0,0,0,0,0,0,0,0,0,0,0,0,0,0,0,0,0,0,0,0,0,0,0,0,0,0,0,0,0,0,0,0,0,0,0,0,0,0,0,0,0,0,0,0,0,0,0,0,0,0,0,0,0,0,0,0,0,0,0,0,0,20
Venezuela,0,0,0,0,24,0,0,0,27,28,26,0,0,0,0,0,0,0,0,25,25,0,0,31,0,0,30,0,0,24,28,0,26,0,29,0,34,29,0,0,0,0,0,0,0,0,20,20,0,0,20,0,0,20,0,0,0,0,40,20,0,0,0,20,0,0,0,20,20,40,0,20,0,0,20,0,20,0,0
Viet Nam,693,405,754,896,744,621,1176,1274,837,616,728,1240,736,297,280,780,506,880,810,650,800,972,891,1085,726,609,870,728,456,960,952,936,884,870,841,1485,782,435,850,1680,888,1032,1360,700,700,920,1040,1820,800,600,1100,1240,740,1420,900,860,1280,880,980,2120,720,440,640,1060,580,1160,1680,1140,980,900,1120,2220,1300,520,800,2100,1180,1320,20
"Virgin Islands, British",0,0,0,0,0,0,0,0,0,0,0,0,0,0,0,0,22,0,0,0,0,0,27,0,0,0,0,0,0,0,0,0,0,0,0,0,0,0,34,0,0,0,0,0,0,0,0,0,0,0,20,0,0,0,0,0,0,0,0,0,20,20,20,40,0,20,0,0,0,0,0,20,0,0,20,0,20,0,0
"Virgin Islands, United States",0,0,0,0,0,0,0,0,0,28,0,0,0,0,0,0,0,0,0,0,0,0,0,0,0,0,0,0,0,0,0,0,0,0,29,0,0,0,0,0,0,0,0,0,0,0,0,0,0,0,0,0,0,0,0,0,0,0,0,0,0,0,0,0,0,0,0,0,0,0,0,0,0,0,0,0,0,0,0
Wallis and Futuna,0,0,0,0,0,0,0,0,0,0,26,0,0,0,0,0,0,0,0,0,25,0,0,0,0,0,0,0,0,0,0,0,0,0,0,0,0,0,0,0,0,0,0,0,0,0,0,0,0,0,0,0,0,0,0,0,0,0,0,20,20,0,0,0,0,0,0,40,0,0,0,0,0,0,0,0,0,20,2420
Western Sahara,0,0,0,0,0,0,0,0,0,0,0,0,0,0,0,0,0,0,0,0,0,0,0,0,0,0,0,0,0,0,0,0,0,0,0,0,0,0,0,0,0,0,0,0,0,0,0,0,0,0,0,0,0,0,0,0,0,0,0,0,0,0,0,0,0,0,0,0,0,0,0,0,0,0,0,0,0,0,60
Yemen,0,0,0,28,24,0,0,0,0,0,0,0,32,0,0,26,0,0,0,25,0,0,0,0,0,0,0,0,0,0,0,26,26,0,0,0,0,0,0,0,0,0,0,0,0,20,0,0,0,0,0,0,0,0,0,0,0,20,0,0,0,20,0,0,0,0,0,0,0,0,0,0,0,0,0,0,0,0,0
"Yemen, Democratic",0,0,0,0,0,0,0,0,0,0,0,0,0,0,0,0,0,0,0,0,0,0,0,0,0,0,0,0,0,0,0,0,0,0,0,0,0,0,0,0,0,0,0,0,0,0,0,0,0,0,0,0,0,0,0,0,0,0,0,0,0,0,0,0,0,0,0,0,0,0,0,0,0,0,0,0,0,0,20
Yugoslavia/Serbia and Montenegro,33,0,0,28,48,230,84,52,27,28,0,0,0,0,0,0,0,0,0,0,0,0,0,0,0,0,0,0,0,0,0,0,0,0,0,0,0,0,0,0,0,0,0,0,0,0,0,0,0,0,0,0,0,0,0,0,0,0,0,0,0,0,0,0,0,0,0,0,0,0,0,0,0,0,0,0,0,0,0
Zambia,0,0,0,56,24,0,0,0,0,0,0,0,32,54,0,0,44,22,0,0,0,0,27,31,0,0,60,0,72,24,28,26,0,0,29,66,34,0,68,28,0,48,20,0,20,20,80,80,60,40,40,0,40,20,0,60,20,0,0,60,0,0,0,20,0,0,80,20,20,40,60,0,0,0,0,0,0,60,820
Zimbabwe,33,27,0,28,24,23,28,52,27,28,52,155,0,27,0,104,110,44,135,25,25,81,162,217,33,29,90,112,72,0,28,182,26,58,116,66,68,29,68,84,24,0,60,60,20,40,120,160,60,40,60,20,20,60,40,40,80,20,80,340,40,40,80,120,40,40,100,60,20,20,140,220,40,40,80,60,60,40,60
Total,111111,107784,134705,164360,173616,185955,201992,176046,191916,176008,154778,187209,104928,96498,126672,162162,163526,176242,198342,176325,193050,176310,158220,184388,106689,103965,142650,162680,165120,198600,207564,180622,210106,181250,161269,206349,118014,103820,143276,182924,181920,192888,232240,191360,167500,188320,174740,219340,129280,116500,153140,183440,179600,221220,205780,193640,208160,190440,173440,217080,121240,110820,156180,185240,182900,199340,237580,205460,211760,194040,171440,221400,128160,116920,148180,199360,198460,206760,5080
